	1	2	3	4	n	L	fraction_polymorphic
YSG_0005d	599.0	66.0	1.0	0.0	22	666.0	0.1006006006006006
YSG_0005e	680.0	39.0	1.0	0.0	36	720.0	0.05555555555555555
YSG_0005f	637.0	11.0	0.0	0.0	39	648.0	0.016975308641975308
YSG_0005ia	613.0	35.0	0.0	0.0	35	648.0	0.05401234567901234
YSG_0005iba	977.0	63.0	1.0	0.0	34	1041.0	0.06147934678194044
YSG_0005ibbb	966.0	122.0	4.0	0.0	25	1092.0	0.11538461538461539
YSG_0005j	823.0	136.0	7.0	0.0	27	966.0	0.14803312629399587
YSG_0009c	782.0	4.0	0.0	0.0	3	786.0	0.005089058524173028
YSG_0009fb	732.0	3.0	0.0	0.0	40	735.0	0.004081632653061225
YSG_0009fcb	714.0	81.0	0.0	0.0	43	795.0	0.1018867924528302
YSG_0010a	769.0	5.0	0.0	0.0	45	774.0	0.006459948320413436
YSG_0013a	707.0	98.0	2.0	0.0	42	807.0	0.12391573729863693
YSG_0013d	749.0	70.0	3.0	0.0	39	822.0	0.08880778588807786
YSG_0013ea	795.0	21.0	0.0	0.0	26	816.0	0.025735294117647058
YSG_0013ebb	930.0	3.0	0.0	0.0	42	933.0	0.003215434083601286
YSG_0014a	850.0	83.0	0.0	0.0	36	933.0	0.08896034297963558
YSG_0014g	921.0	42.0	0.0	0.0	37	963.0	0.04361370716510903
YSG_0014hb	978.0	3.0	0.0	0.0	45	981.0	0.0030581039755351682
YSG_0014hc	809.0	24.0	1.0	0.0	45	834.0	0.02997601918465228
YSG_0014i	948.0	27.0	0.0	0.0	33	975.0	0.027692307692307693
YSG_0016a	730.0	32.0	0.0	0.0	25	762.0	0.04199475065616798
YSG_0016b	860.0	13.0	0.0	0.0	33	873.0	0.014891179839633447
YSG_0016c	529.0	5.0	0.0	0.0	25	534.0	0.009363295880149813
YSG_0016gb	829.0	4.0	1.0	0.0	37	834.0	0.005995203836930456
YSG_0019eb	624.0	6.0	0.0	0.0	33	630.0	0.009523809523809525
YSG_0019f	478.0	85.0	4.0	0.0	34	567.0	0.15696649029982362
YSG_0023aa	673.0	8.0	0.0	0.0	45	681.0	0.011747430249632892
YSG_0023ba	670.0	13.0	1.0	0.0	30	684.0	0.02046783625730994
YSG_0023bb	646.0	40.0	1.0	0.0	38	687.0	0.05967976710334789
YSG_0025b	1589.0	19.0	0.0	0.0	34	1608.0	0.01181592039800995
YSG_0025ca	1447.0	233.0	3.0	0.0	45	1683.0	0.14022578728461083
YSG_0025cb	1750.0	11.0	0.0	0.0	40	1761.0	0.006246450880181715
YSG_0027b	1059.0	9.0	0.0	0.0	43	1068.0	0.008426966292134831
YSG_0027ca	1062.0	107.0	4.0	0.0	32	1173.0	0.09462915601023018
YSG_0027cb	1068.0	125.0	1.0	0.0	32	1194.0	0.10552763819095477
YSG_0029a	706.0	61.0	4.0	0.0	30	771.0	0.08430609597924774
YSG_0029fb	708.0	115.0	2.0	0.0	37	825.0	0.14181818181818182
YSG_0029g	988.0	8.0	0.0	0.0	31	996.0	0.008032128514056224
YSG_0030ba	454.0	5.0	0.0	0.0	31	459.0	0.010893246187363835
YSG_0031a	1059.0	199.0	8.0	0.0	29	1266.0	0.16350710900473933
YSG_0031ba	811.0	308.0	79.0	5.0	25	1203.0	0.3258520365752286
YSG_0031bbb	1043.0	80.0	2.0	0.0	36	1125.0	0.07288888888888889
YSG_0032ab	437.0	28.0	0.0	0.0	31	465.0	0.060215053763440864
YSG_0032b	351.0	80.0	1.0	0.0	50	432.0	0.1875
YSG_0033b	641.0	83.0	2.0	0.0	37	726.0	0.11707988980716254
YSG_0033f	618.0	27.0	0.0	0.0	30	645.0	0.04186046511627907
YSG_0034a	1042.0	14.0	0.0	0.0	41	1056.0	0.013257575757575758
YSG_0035a	280.0	17.0	0.0	0.0	26	297.0	0.05723905723905724
YSG_0036a	469.0	2.0	0.0	0.0	34	471.0	0.004246284501061571
YSG_0036b	450.0	6.0	0.0	0.0	42	456.0	0.013157894736842105
YSG_0036c	397.0	71.0	0.0	0.0	38	468.0	0.1517094017094017
YSG_0037a	287.0	7.0	0.0	0.0	53	294.0	0.023809523809523808
YSG_0037c	414.0	66.0	3.0	0.0	35	483.0	0.14285714285714285
YSG_0038a	632.0	114.0	1.0	0.0	42	747.0	0.1539491298527443
YSG_0038b	690.0	133.0	2.0	0.0	37	825.0	0.16363636363636364
YSG_0038c	1699.0	86.0	0.0	0.0	15	1785.0	0.048179271708683476
YSG_0040d	868.0	47.0	0.0	0.0	30	915.0	0.05136612021857923
YSG_0041a	1030.0	8.0	0.0	0.0	44	1038.0	0.007707129094412331
YSG_0041bb	924.0	15.0	0.0	0.0	42	939.0	0.01597444089456869
YSG_0044b	578.0	93.0	1.0	0.0	43	672.0	0.13988095238095238
YSG_0044c	621.0	3.0	0.0	0.0	43	624.0	0.004807692307692308
YSG_0046a	1633.0	5.0	0.0	0.0	32	1638.0	0.0030525030525030525
YSG_0046b	1144.0	50.0	0.0	0.0	32	1194.0	0.04187604690117253
YSG_0046c	1596.0	69.0	0.0	0.0	24	1665.0	0.04144144144144144
YSG_0048a	623.0	6.0	1.0	0.0	48	630.0	0.011111111111111112
YSG_0048b	587.0	4.0	0.0	0.0	32	591.0	0.00676818950930626
YSG_0048c	621.0	51.0	0.0	0.0	39	672.0	0.07589285714285714
YSG_0050b	787.0	5.0	0.0	0.0	44	792.0	0.006313131313131313
YSG_0050c	733.0	38.0	0.0	0.0	38	771.0	0.04928664072632944
YSG_0053a	777.0	9.0	0.0	0.0	35	786.0	0.011450381679389313
YSG_0053c	744.0	9.0	0.0	0.0	41	753.0	0.01195219123505976
YSG_0054a	383.0	7.0	0.0	0.0	26	390.0	0.017948717948717947
YSG_0054c	535.0	98.0	6.0	0.0	31	639.0	0.162754303599374
YSG_0055b	574.0	20.0	0.0	0.0	25	594.0	0.03367003367003367
YSG_0055c	568.0	8.0	0.0	0.0	45	576.0	0.013888888888888888
YSG_0057a	1453.0	217.0	6.0	1.0	36	1677.0	0.13357185450208706
YSG_0057b	1611.0	3.0	0.0	0.0	27	1614.0	0.0018587360594795538
YSG_0057c	1615.0	83.0	0.0	0.0	37	1698.0	0.04888103651354535
YSG_0058aa	563.0	10.0	0.0	0.0	51	573.0	0.017452006980802792
YSG_0058b	627.0	3.0	0.0	0.0	49	630.0	0.004761904761904762
YSG_0060ab	1032.0	15.0	0.0	0.0	34	1047.0	0.014326647564469915
YSG_0060b	1020.0	39.0	0.0	0.0	48	1059.0	0.036827195467422094
YSG_0062aa	941.0	4.0	0.0	0.0	29	945.0	0.004232804232804233
YSG_0062ab	868.0	60.0	2.0	0.0	32	930.0	0.06666666666666667
YSG_0062b	1172.0	10.0	0.0	0.0	37	1182.0	0.008460236886632826
YSG_0063c	366.0	6.0	0.0	0.0	41	372.0	0.016129032258064516
YSG_0064a	400.0	5.0	0.0	0.0	47	405.0	0.012345679012345678
YSG_0064b	439.0	5.0	0.0	0.0	33	444.0	0.01126126126126126
YSG_0066b	953.0	13.0	0.0	0.0	37	966.0	0.013457556935817806
YSG_0066c	1815.0	71.0	1.0	0.0	35	1887.0	0.03815580286168521
YSG_0067a	110.0	1.0	0.0	0.0	37	111.0	0.009009009009009009
YSG_0067c	465.0	3.0	0.0	0.0	37	468.0	0.00641025641025641
YSG_0068a	980.0	138.0	1.0	0.0	35	1119.0	0.12421805183199285
YSG_0068b	1105.0	5.0	0.0	0.0	22	1110.0	0.0045045045045045045
YSG_0068c	1169.0	7.0	0.0	0.0	21	1176.0	0.005952380952380952
YSG_0069c	1161.0	9.0	0.0	0.0	40	1170.0	0.007692307692307693
YSG_0070c	1109.0	70.0	0.0	0.0	45	1179.0	0.05937234944868533
YSG_0070f	1158.0	51.0	0.0	0.0	35	1209.0	0.04218362282878412
YSG_0071a	1498.0	11.0	0.0	0.0	39	1509.0	0.00728959575878065
YSG_0071bb	1607.0	16.0	0.0	0.0	43	1623.0	0.009858287122612447
YSG_0078f	750.0	6.0	0.0	0.0	34	756.0	0.007936507936507936
YSG_0079a	1381.0	11.0	0.0	0.0	41	1392.0	0.007902298850574713
YSG_0079b	1335.0	72.0	0.0	0.0	47	1407.0	0.0511727078891258
YSG_0083c	874.0	5.0	0.0	0.0	39	879.0	0.005688282138794084
YSG_0084ba	788.0	7.0	0.0	0.0	41	795.0	0.00880503144654088
YSG_0084bb	679.0	128.0	6.0	0.0	46	813.0	0.16482164821648215
YSG_0085b	1198.0	76.0	1.0	0.0	34	1275.0	0.0603921568627451
YSG_0085c	1117.0	38.0	0.0	0.0	23	1155.0	0.0329004329004329
YSG_0088a	924.0	255.0	12.0	0.0	45	1191.0	0.22418136020151133
YSG_0089a	544.0	136.0	1.0	0.0	35	681.0	0.2011747430249633
YSG_0090a	714.0	146.0	1.0	0.0	34	861.0	0.17073170731707318
YSG_0090b	1101.0	9.0	0.0	0.0	39	1110.0	0.008108108108108109
YSG_0091c	344.0	4.0	0.0	0.0	41	348.0	0.011494252873563218
YSG_0093a	394.0	2.0	0.0	0.0	49	396.0	0.005050505050505051
YSG_0094a	2148.0	51.0	0.0	0.0	33	2199.0	0.023192360163710776
YSG_0095a	1058.0	7.0	0.0	0.0	32	1065.0	0.006572769953051643
YSG_0095b	1154.0	40.0	0.0	0.0	46	1194.0	0.03350083752093802
YSG_0096a	1390.0	71.0	0.0	0.0	25	1461.0	0.0485968514715948
YSG_0096b	1343.0	42.0	1.0	0.0	24	1386.0	0.031024531024531024
YSG_0097a	1613.0	10.0	0.0	0.0	30	1623.0	0.0061614294516327784
YSG_0097b	2096.0	25.0	0.0	0.0	36	2121.0	0.011786892975011787
YSG_0098b	506.0	4.0	0.0	0.0	22	510.0	0.00784313725490196
YSG_0099b	842.0	4.0	0.0	0.0	31	846.0	0.004728132387706856
YSG_0100b	1078.0	2.0	0.0	0.0	32	1080.0	0.001851851851851852
YSG_0101b	707.0	27.0	1.0	0.0	43	735.0	0.0380952380952381
YSG_0101c	865.0	5.0	0.0	0.0	35	870.0	0.005747126436781609
YSG_0102a	2297.0	243.0	23.0	2.0	36	2565.0	0.10448343079922028
YSG_0102b	2189.0	254.0	2.0	0.0	31	2445.0	0.10470347648261759
YSG_0103b	723.0	8.0	1.0	0.0	51	732.0	0.012295081967213115
YSG_0104a	1948.0	145.0	4.0	0.0	30	2097.0	0.07105388650453028
YSG_0104b	1672.0	371.0	27.0	0.0	36	2070.0	0.19227053140096617
YSG_0105a	499.0	14.0	0.0	0.0	37	513.0	0.02729044834307992
YSG_0105b	553.0	2.0	0.0	0.0	31	555.0	0.0036036036036036037
YSG_0106a	627.0	24.0	0.0	0.0	37	651.0	0.03686635944700461
YSG_0106b	682.0	11.0	0.0	0.0	38	693.0	0.015873015873015872
YSG_0107a	1063.0	55.0	1.0	0.0	47	1119.0	0.050044682752457555
YSG_0107b	804.0	138.0	3.0	0.0	41	945.0	0.1492063492063492
YSG_0108a	2039.0	187.0	6.0	0.0	33	2232.0	0.08646953405017921
YSG_0108b	1990.0	215.0	8.0	1.0	35	2214.0	0.1011743450767841
YSG_0109a	660.0	51.0	0.0	0.0	34	711.0	0.07172995780590717
YSG_0109b	582.0	39.0	0.0	0.0	38	621.0	0.06280193236714976
YSG_0110a	507.0	15.0	0.0	0.0	33	522.0	0.028735632183908046
YSG_0110b	497.0	4.0	0.0	0.0	53	501.0	0.007984031936127744
YSG_0111a	1633.0	119.0	0.0	0.0	20	1752.0	0.06792237442922375
YSG_0115a	1659.0	112.0	5.0	0.0	36	1776.0	0.06587837837837837
YSG_0115b	1688.0	40.0	0.0	0.0	40	1728.0	0.023148148148148147
YSG_0116a	338.0	1.0	0.0	0.0	36	339.0	0.0029498525073746312
YSG_0116b	235.0	23.0	0.0	0.0	33	258.0	0.08914728682170543
YSG_0118a	614.0	33.0	1.0	0.0	47	648.0	0.05246913580246913
YSG_0118b	611.0	13.0	0.0	0.0	41	624.0	0.020833333333333332
YSG_0119c	615.0	147.0	9.0	0.0	50	771.0	0.20233463035019456
YSG_0120a	963.0	6.0	0.0	0.0	33	969.0	0.006191950464396285
YSG_0120b	867.0	24.0	0.0	0.0	37	891.0	0.026936026936026935
YSG_0121a	1508.0	25.0	0.0	0.0	24	1533.0	0.016307893020221786
YSG_0121b	1250.0	85.0	0.0	0.0	18	1335.0	0.06367041198501873
YSG_0123b	873.0	17.0	1.0	0.0	48	891.0	0.020202020202020204
YSG_0125a	514.0	17.0	0.0	0.0	43	531.0	0.032015065913371
YSG_0125b	1335.0	251.0	10.0	0.0	31	1596.0	0.16353383458646617
YSG_0126c	1077.0	98.0	1.0	0.0	38	1176.0	0.08418367346938775
YSG_0127b	1570.0	189.0	2.0	0.0	42	1761.0	0.1084611016467916
YSG_0128a	389.0	58.0	3.0	0.0	37	450.0	0.13555555555555557
YSG_0128b	404.0	48.0	1.0	0.0	39	453.0	0.10816777041942605
YSG_0129a	1448.0	10.0	0.0	0.0	31	1458.0	0.006858710562414266
YSG_0129b	1181.0	137.0	2.0	0.0	30	1320.0	0.1053030303030303
YSG_0130b	565.0	101.0	3.0	0.0	44	669.0	0.1554559043348281
YSG_0132a	327.0	72.0	0.0	0.0	41	399.0	0.18045112781954886
YSG_0132b	1452.0	271.0	2.0	0.0	35	1725.0	0.1582608695652174
YSG_0133b	822.0	131.0	1.0	0.0	46	954.0	0.13836477987421383
YSG_0134a	933.0	18.0	0.0	0.0	38	951.0	0.01892744479495268
YSG_0134b	983.0	19.0	0.0	0.0	29	1002.0	0.018962075848303395
YSG_0135a	243.0	30.0	0.0	0.0	36	273.0	0.10989010989010989
YSG_0135b	277.0	2.0	0.0	0.0	35	279.0	0.007168458781362007
YSG_0136b	939.0	41.0	1.0	0.0	50	981.0	0.04281345565749235
YSG_0137a	392.0	4.0	0.0	0.0	31	396.0	0.010101010101010102
YSG_0137b	747.0	6.0	0.0	0.0	35	753.0	0.00796812749003984
YSG_0138a	1237.0	53.0	0.0	0.0	31	1290.0	0.04108527131782946
YSG_0138b	1053.0	209.0	13.0	0.0	17	1275.0	0.17411764705882352
YSG_0139a	1158.0	6.0	0.0	0.0	39	1164.0	0.005154639175257732
YSG_0141a	1075.0	236.0	16.0	2.0	37	1329.0	0.1911211437170805
YSG_0141b	1971.0	27.0	0.0	0.0	36	1998.0	0.013513513513513514
YSG_0142a	1002.0	6.0	0.0	0.0	24	1008.0	0.005952380952380952
YSG_0142b	1045.0	5.0	0.0	0.0	38	1050.0	0.004761904761904762
YSG_0143a	1799.0	82.0	3.0	0.0	30	1884.0	0.04511677282377919
YSG_0143b	1907.0	7.0	0.0	0.0	29	1914.0	0.0036572622779519333
YSG_0144b	936.0	42.0	0.0	0.0	33	978.0	0.04294478527607362
YSG_0145a	526.0	16.0	1.0	0.0	34	543.0	0.03130755064456722
YSG_0145b	404.0	7.0	0.0	0.0	24	411.0	0.0170316301703163
YSG_0147a	1164.0	60.0	0.0	0.0	32	1224.0	0.049019607843137254
YSG_0147b	1215.0	6.0	0.0	0.0	41	1221.0	0.004914004914004914
YSG_0148b	503.0	91.0	0.0	0.0	36	594.0	0.1531986531986532
YSG_0149b	990.0	225.0	19.0	2.0	37	1236.0	0.19902912621359223
YSG_0150b	1294.0	14.0	0.0	0.0	44	1308.0	0.010703363914373088
YSG_0151a	1711.0	20.0	0.0	0.0	38	1731.0	0.011554015020219527
YSG_0151b	1716.0	12.0	0.0	0.0	32	1728.0	0.006944444444444444
YSG_0152a	511.0	5.0	0.0	0.0	37	516.0	0.009689922480620155
YSG_0152b	529.0	5.0	0.0	0.0	47	534.0	0.009363295880149813
YSG_0154a	1105.0	8.0	0.0	0.0	42	1113.0	0.0071877807726864335
YSG_0154b	1006.0	71.0	0.0	0.0	38	1077.0	0.06592386258124419
YSG_0155b	647.0	4.0	0.0	0.0	47	651.0	0.006144393241167435
YSG_0156a	750.0	6.0	0.0	0.0	34	756.0	0.007936507936507936
YSG_0156b	661.0	52.0	1.0	0.0	29	714.0	0.0742296918767507
YSG_0157a	380.0	1.0	0.0	0.0	21	381.0	0.0026246719160104987
YSG_0157b	261.0	12.0	0.0	0.0	45	273.0	0.04395604395604396
YSG_0158a	633.0	9.0	0.0	0.0	44	642.0	0.014018691588785047
YSG_0158b	630.0	103.0	2.0	0.0	44	735.0	0.14285714285714285
YSG_0159a	641.0	127.0	9.0	0.0	38	777.0	0.17503217503217502
YSG_0159b	702.0	15.0	0.0	0.0	31	717.0	0.02092050209205021
YSG_0160a	447.0	3.0	0.0	0.0	39	450.0	0.006666666666666667
YSG_0160b	364.0	72.0	2.0	0.0	27	438.0	0.1689497716894977
YSG_0161ba	743.0	25.0	0.0	0.0	34	768.0	0.032552083333333336
YSG_0161bb	818.0	7.0	0.0	0.0	32	825.0	0.008484848484848486
YSG_0164a	390.0	3.0	0.0	0.0	28	393.0	0.007633587786259542
YSG_0164b	437.0	1.0	0.0	0.0	40	438.0	0.00228310502283105
YSG_0166a	545.0	1.0	0.0	0.0	35	546.0	0.0018315018315018315
YSG_0166b	1010.0	93.0	1.0	0.0	28	1104.0	0.08514492753623189
YSG_0167a	1034.0	7.0	0.0	0.0	27	1041.0	0.0067243035542747355
YSG_0167b	1043.0	35.0	2.0	0.0	34	1080.0	0.03425925925925926
YSG_0168b	449.0	1.0	0.0	0.0	40	450.0	0.0022222222222222222
YSG_0169b	1612.0	133.0	1.0	0.0	32	1746.0	0.07674684994272624
YSG_0170b	338.0	1.0	0.0	0.0	36	339.0	0.0029498525073746312
YSG_0170c	1266.0	100.0	5.0	0.0	27	1371.0	0.07658643326039387
YSG_0171a	842.0	7.0	0.0	0.0	34	849.0	0.008244994110718492
YSG_0171b	858.0	18.0	0.0	0.0	28	876.0	0.02054794520547945
YSG_0173a	851.0	4.0	0.0	0.0	37	855.0	0.004678362573099415
YSG_0173b	945.0	12.0	0.0	0.0	34	957.0	0.012539184952978056
YSG_0174a	257.0	52.0	9.0	0.0	46	318.0	0.1918238993710692
YSG_0174b	420.0	3.0	0.0	0.0	38	423.0	0.0070921985815602835
YSG_0175a	902.0	19.0	0.0	0.0	25	921.0	0.02062975027144408
YSG_0175b	918.0	39.0	0.0	0.0	33	957.0	0.04075235109717868
YSG_0176b	1438.0	11.0	0.0	0.0	38	1449.0	0.00759144237405107
YSG_0178a	1121.0	158.0	5.0	0.0	7	1284.0	0.12694704049844235
YSG_0178b	1334.0	121.0	0.0	0.0	26	1455.0	0.0831615120274914
YSG_0179a	582.0	116.0	7.0	0.0	35	705.0	0.17446808510638298
YSG_0179b	653.0	119.0	2.0	0.0	35	774.0	0.15633074935400518
YSG_0180b	307.0	5.0	0.0	0.0	37	312.0	0.016025641025641024
YSG_0183a	918.0	3.0	0.0	0.0	32	921.0	0.003257328990228013
YSG_0183b	1065.0	62.0	1.0	0.0	30	1128.0	0.05585106382978723
YSG_0184b	501.0	3.0	0.0	0.0	41	504.0	0.005952380952380952
YSG_0185a	1151.0	165.0	4.0	0.0	38	1320.0	0.12803030303030302
YSG_0187c	1396.0	8.0	0.0	0.0	22	1404.0	0.005698005698005698
YSG_0188a	742.0	140.0	6.0	0.0	31	888.0	0.16441441441441443
YSG_0188b	1007.0	66.0	1.0	0.0	31	1074.0	0.06238361266294227
YSG_0189b	1118.0	107.0	2.0	0.0	36	1227.0	0.08883455582722087
YSG_0190bb	306.0	137.0	60.0	7.0	29	510.0	0.4
YSG_0192b	871.0	37.0	1.0	0.0	25	909.0	0.041804180418041806
YSG_0195a	753.0	6.0	0.0	0.0	24	759.0	0.007905138339920948
YSG_0195b	627.0	196.0	11.0	0.0	21	834.0	0.24820143884892087
YSG_0196b	1088.0	25.0	0.0	0.0	35	1113.0	0.022461814914645103
YSG_0198b	1244.0	143.0	2.0	0.0	33	1389.0	0.10439164866810655
YSG_0199a	800.0	7.0	0.0	0.0	26	807.0	0.008674101610904586
YSG_0199b	875.0	165.0	10.0	0.0	24	1050.0	0.16666666666666666
YSG_0200a	1682.0	10.0	0.0	0.0	37	1692.0	0.00591016548463357
YSG_0201b	818.0	7.0	0.0	0.0	25	825.0	0.008484848484848486
YSG_0203c	929.0	7.0	0.0	0.0	48	936.0	0.007478632478632479
YSG_0204d	799.0	14.0	0.0	0.0	34	813.0	0.017220172201722016
YSG_0207a	647.0	4.0	0.0	0.0	36	651.0	0.006144393241167435
YSG_0211a	1329.0	86.0	1.0	0.0	33	1416.0	0.0614406779661017
YSG_0211b	1394.0	37.0	0.0	0.0	33	1431.0	0.02585604472396925
YSG_0212a	643.0	215.0	21.0	0.0	33	879.0	0.2684869169510808
YSG_0214b	781.0	2.0	0.0	0.0	23	783.0	0.002554278416347382
YSG_0214cb	750.0	9.0	0.0	0.0	31	759.0	0.011857707509881422
YSG_0215c	819.0	101.0	1.0	0.0	26	921.0	0.11074918566775244
YSG_0217b	538.0	5.0	0.0	0.0	42	543.0	0.009208103130755065
YSG_0221a	309.0	35.0	1.0	0.0	39	345.0	0.10434782608695652
YSG_0223a	428.0	7.0	0.0	0.0	29	435.0	0.016091954022988506
YSG_0224b	1106.0	24.0	1.0	0.0	32	1131.0	0.022104332449160036
YSG_0225b	950.0	7.0	0.0	0.0	38	957.0	0.0073145245559038665
YSG_0226b	272.0	10.0	0.0	0.0	37	282.0	0.03546099290780142
YSG_0227a	326.0	1.0	0.0	0.0	34	327.0	0.0030581039755351682
YSG_0230b	1156.0	8.0	0.0	0.0	35	1164.0	0.006872852233676976
YSG_0234b	209.0	1.0	0.0	0.0	50	210.0	0.004761904761904762
YSG_0235bb	855.0	33.0	0.0	0.0	36	888.0	0.037162162162162164
YSG_0241b	1333.0	2.0	0.0	0.0	33	1335.0	0.00149812734082397
YSG_0242b	612.0	3.0	0.0	0.0	28	615.0	0.004878048780487805
YSG_0243c	1350.0	164.0	13.0	0.0	30	1527.0	0.11591355599214145
YSG_0246b	1223.0	7.0	0.0	0.0	31	1230.0	0.005691056910569106
YSG_0247b	2354.0	76.0	0.0	0.0	27	2430.0	0.031275720164609055
YSG_0249b	2418.0	181.0	2.0	0.0	27	2601.0	0.07035755478662054
YSG_0251b	1309.0	17.0	0.0	0.0	34	1326.0	0.01282051282051282
YSG_0255	406.0	86.0	0.0	0.0	44	492.0	0.17479674796747968
YSG_0258b	447.0	108.0	3.0	0.0	35	558.0	0.1989247311827957
YSG_0264c	231.0	41.0	4.0	0.0	24	276.0	0.16304347826086957
YSG_0266	882.0	164.0	1.0	0.0	39	1047.0	0.15759312320916904
YSG_0268	645.0	165.0	0.0	0.0	37	810.0	0.2037037037037037
YSG_0269b	574.0	20.0	0.0	0.0	43	594.0	0.03367003367003367
YSG_0271	302.0	7.0	0.0	0.0	39	309.0	0.022653721682847898
YSG_0272	739.0	5.0	0.0	0.0	41	744.0	0.006720430107526882
YSG_0276	766.0	101.0	0.0	0.0	52	867.0	0.11649365628604383
YSG_0277	1905.0	12.0	0.0	0.0	40	1917.0	0.006259780907668232
YSG_0278	841.0	2.0	0.0	0.0	38	843.0	0.002372479240806643
YSG_0279	573.0	3.0	0.0	0.0	46	576.0	0.005208333333333333
YSG_0282	582.0	9.0	0.0	0.0	55	591.0	0.015228426395939087
YSG_0285b	234.0	20.0	1.0	0.0	47	255.0	0.08235294117647059
YSG_0286a	304.0	5.0	0.0	0.0	31	309.0	0.016181229773462782
YSG_0287b	1103.0	13.0	0.0	0.0	29	1116.0	0.011648745519713262
YSG_0289	431.0	109.0	0.0	0.0	57	540.0	0.20185185185185187
YSG_0290	803.0	147.0	7.0	0.0	51	957.0	0.16091954022988506
YSG_0291b	431.0	70.0	3.0	0.0	45	504.0	0.14484126984126985
YSG_0294	1139.0	16.0	0.0	0.0	58	1155.0	0.013852813852813853
YSG_0296b	1907.0	16.0	0.0	0.0	28	1923.0	0.008320332813312533
YSG_0297	968.0	54.0	1.0	0.0	37	1023.0	0.053763440860215055
YSG_0298c	656.0	4.0	0.0	0.0	36	660.0	0.006060606060606061
YSG_0301	418.0	4.0	1.0	0.0	48	423.0	0.01182033096926714
YSG_0303	167.0	44.0	2.0	0.0	31	213.0	0.215962441314554
YSG_0304b	1500.0	105.0	0.0	0.0	34	1605.0	0.06542056074766354
YSG_0305	673.0	2.0	0.0	0.0	43	675.0	0.002962962962962963
YSG_0307	1119.0	237.0	9.0	0.0	49	1365.0	0.18021978021978022
YSG_0311	1056.0	218.0	1.0	0.0	29	1275.0	0.17176470588235293
YSG_0313	582.0	3.0	0.0	0.0	46	585.0	0.005128205128205128
YSG_0314	1298.0	55.0	0.0	0.0	47	1353.0	0.04065040650406504
YSG_0315	360.0	3.0	0.0	0.0	45	363.0	0.008264462809917356
YSG_0316	490.0	8.0	0.0	0.0	39	498.0	0.01606425702811245
YSG_0317	1159.0	101.0	3.0	0.0	47	1263.0	0.08234362628661916
YSG_0318	859.0	11.0	0.0	0.0	40	870.0	0.01264367816091954
YSG_0319	1674.0	189.0	3.0	0.0	42	1866.0	0.10289389067524116
YSG_0320	817.0	46.0	1.0	0.0	45	864.0	0.05439814814814815
YSG_0322	725.0	31.0	0.0	0.0	53	756.0	0.041005291005291
YSG_0323b	1133.0	7.0	0.0	0.0	30	1140.0	0.0061403508771929825
YSG_0324c	728.0	41.0	2.0	0.0	43	771.0	0.055771725032425425
YSG_0326	696.0	191.0	4.0	0.0	41	891.0	0.21885521885521886
YSG_0327	1693.0	9.0	2.0	0.0	45	1704.0	0.006455399061032864
YSG_0328	1197.0	12.0	0.0	0.0	37	1209.0	0.009925558312655087
YSG_0330	201.0	33.0	0.0	0.0	31	234.0	0.14102564102564102
YSG_0331	705.0	75.0	0.0	0.0	52	780.0	0.09615384615384616
YSG_0333b	812.0	157.0	3.0	0.0	38	972.0	0.1646090534979424
YSG_0334	217.0	2.0	0.0	0.0	54	219.0	0.0091324200913242
YSG_0335	334.0	2.0	0.0	0.0	44	336.0	0.005952380952380952
YSG_0336	874.0	2.0	0.0	0.0	48	876.0	0.00228310502283105
YSG_0337	1835.0	19.0	0.0	0.0	39	1854.0	0.010248112189859764
YSG_0338	459.0	88.0	2.0	0.0	45	549.0	0.16393442622950818
YSG_0339b	1500.0	12.0	0.0	0.0	26	1512.0	0.007936507936507936
YSG_0342	850.0	4.0	1.0	0.0	39	855.0	0.005847953216374269
YSG_0343	1062.0	53.0	1.0	0.0	28	1116.0	0.04838709677419355
YSG_0344	281.0	1.0	0.0	0.0	43	282.0	0.0035460992907801418
YSG_0345	358.0	2.0	0.0	0.0	33	360.0	0.005555555555555556
YSG_0347	148.0	8.0	0.0	0.0	41	156.0	0.05128205128205128
YSG_0349	895.0	2.0	0.0	0.0	43	897.0	0.002229654403567447
YSG_0350	594.0	3.0	0.0	0.0	45	597.0	0.005025125628140704
YSG_0351	439.0	8.0	0.0	0.0	43	447.0	0.017897091722595078
YSG_0352	866.0	76.0	0.0	0.0	32	942.0	0.08067940552016985
YSG_0353	394.0	2.0	0.0	0.0	41	396.0	0.005050505050505051
YSG_0354	239.0	1.0	0.0	0.0	39	240.0	0.004166666666666667
YSG_0355	157.0	35.0	0.0	0.0	40	192.0	0.18229166666666666
YSG_0356	360.0	3.0	0.0	0.0	53	363.0	0.008264462809917356
YSG_0357	95.0	1.0	0.0	0.0	47	96.0	0.010416666666666666
YSG_0359	1240.0	26.0	0.0	0.0	42	1266.0	0.020537124802527645
YSG_0360	1051.0	53.0	3.0	0.0	45	1107.0	0.05058717253839205
YSG_0362b	363.0	3.0	0.0	0.0	45	366.0	0.00819672131147541
YSG_0363	215.0	1.0	0.0	0.0	48	216.0	0.004629629629629629
YSG_0364	979.0	11.0	0.0	0.0	43	990.0	0.011111111111111112
YSG_0366	702.0	39.0	0.0	0.0	12	741.0	0.05263157894736842
YSG_0367	796.0	8.0	0.0	0.0	43	804.0	0.009950248756218905
YSG_0368	1443.0	102.0	0.0	0.0	36	1545.0	0.06601941747572816
YSG_0369	931.0	56.0	0.0	0.0	43	987.0	0.05673758865248227
YSG_0370b	1281.0	9.0	0.0	0.0	43	1290.0	0.0069767441860465115
YSG_0371	302.0	124.0	12.0	0.0	31	438.0	0.3105022831050228
YSG_0372	339.0	0.0	0.0	0.0	50	339.0	0.0
YSG_0373	3410.0	25.0	0.0	0.0	41	3435.0	0.00727802037845706
YSG_0374	414.0	104.0	4.0	0.0	53	522.0	0.20689655172413793
YSG_0375	363.0	3.0	0.0	0.0	41	366.0	0.00819672131147541
YSG_0376	1571.0	159.0	1.0	0.0	37	1731.0	0.09243212016175621
YSG_0377	298.0	68.0	0.0	0.0	52	366.0	0.18579234972677597
YSG_0379	515.0	21.0	1.0	0.0	41	537.0	0.040968342644320296
YSG_0380	1093.0	16.0	1.0	0.0	37	1110.0	0.015315315315315315
YSG_0381	356.0	1.0	0.0	0.0	34	357.0	0.0028011204481792717
YSG_0382	3356.0	37.0	0.0	0.0	37	3393.0	0.010904804008252285
YSG_0383	538.0	2.0	0.0	0.0	42	540.0	0.003703703703703704
YSG_0384	420.0	3.0	0.0	0.0	48	423.0	0.0070921985815602835
YSG_0385	1554.0	12.0	0.0	0.0	40	1566.0	0.007662835249042145
YSG_0386	1829.0	238.0	0.0	0.0	25	2067.0	0.11514271891630382
YSG_0387	413.0	102.0	4.0	0.0	34	519.0	0.20423892100192678
YSG_0389	213.0	3.0	0.0	0.0	47	216.0	0.013888888888888888
YSG_0390	299.0	1.0	0.0	0.0	36	300.0	0.0033333333333333335
YSG_0392	864.0	213.0	17.0	1.0	39	1095.0	0.21095890410958903
YSG_0393b	1224.0	105.0	6.0	0.0	41	1335.0	0.08314606741573034
YSG_0394	1046.0	7.0	0.0	0.0	38	1053.0	0.006647673314339981
YSG_0395	385.0	5.0	0.0	0.0	45	390.0	0.01282051282051282
YSG_0396	253.0	2.0	0.0	0.0	44	255.0	0.00784313725490196
YSG_0397	383.0	1.0	0.0	0.0	47	384.0	0.0026041666666666665
YSG_0398	885.0	351.0	59.0	1.0	24	1296.0	0.31712962962962965
YSG_0400	736.0	11.0	0.0	0.0	38	747.0	0.014725568942436412
YSG_0401	377.0	1.0	0.0	0.0	43	378.0	0.0026455026455026454
YSG_0402	785.0	19.0	0.0	0.0	42	804.0	0.0236318407960199
YSG_0403	833.0	4.0	0.0	0.0	37	837.0	0.0047789725209080045
YSG_0405	408.0	6.0	0.0	0.0	48	414.0	0.014492753623188406
YSG_0407	847.0	141.0	2.0	0.0	48	990.0	0.14444444444444443
YSG_0408b	1035.0	89.0	1.0	0.0	39	1125.0	0.08
YSG_0409	860.0	40.0	0.0	0.0	45	900.0	0.044444444444444446
YSG_0410	730.0	47.0	3.0	0.0	50	780.0	0.0641025641025641
YSG_0411	1686.0	9.0	0.0	0.0	36	1695.0	0.005309734513274336
YSG_0412	249.0	0.0	0.0	0.0	41	249.0	0.0
YSG_0413	958.0	5.0	0.0	0.0	42	963.0	0.005192107995846314
YSG_0414	246.0	3.0	0.0	0.0	46	249.0	0.012048192771084338
YSG_0415	429.0	84.0	3.0	0.0	47	516.0	0.1686046511627907
YSG_0417	642.0	39.0	0.0	0.0	41	681.0	0.05726872246696035
YSG_0418	1063.0	17.0	0.0	0.0	37	1080.0	0.01574074074074074
YSG_0419	553.0	5.0	0.0	0.0	47	558.0	0.008960573476702509
YSG_0421	400.0	5.0	0.0	0.0	46	405.0	0.012345679012345678
YSG_0422	1900.0	211.0	7.0	0.0	37	2118.0	0.10292728989612843
YSG_0423	429.0	89.0	1.0	0.0	51	519.0	0.17341040462427745
YSG_0424	667.0	223.0	1.0	0.0	45	891.0	0.25140291806958476
YSG_0425	542.0	61.0	0.0	0.0	45	603.0	0.1011608623548922
YSG_0426	1015.0	7.0	1.0	0.0	41	1023.0	0.007820136852394917
YSG_0427	192.0	21.0	0.0	0.0	16	213.0	0.09859154929577464
YSG_0428	689.0	4.0	0.0	0.0	42	693.0	0.005772005772005772
YSG_0429	530.0	4.0	0.0	0.0	43	534.0	0.00749063670411985
YSG_0430	1943.0	103.0	3.0	0.0	34	2049.0	0.05173255246461689
YSG_0431	434.0	7.0	0.0	0.0	44	441.0	0.015873015873015872
YSG_0432	302.0	1.0	0.0	0.0	39	303.0	0.0033003300330033004
YSG_0433	993.0	3.0	0.0	0.0	30	996.0	0.0030120481927710845
YSG_0434	949.0	53.0	0.0	0.0	33	1002.0	0.05289421157684631
YSG_0435	739.0	5.0	0.0	0.0	42	744.0	0.006720430107526882
YSG_0436	777.0	6.0	0.0	0.0	36	783.0	0.007662835249042145
YSG_0439	655.0	5.0	0.0	0.0	44	660.0	0.007575757575757576
YSG_0440	223.0	50.0	0.0	0.0	40	273.0	0.18315018315018314
YSG_0441	1724.0	50.0	2.0	0.0	44	1776.0	0.02927927927927928
YSG_0442	391.0	5.0	0.0	0.0	48	396.0	0.012626262626262626
YSG_0443	529.0	5.0	0.0	0.0	41	534.0	0.009363295880149813
YSG_0445	981.0	86.0	1.0	0.0	45	1068.0	0.08146067415730338
YSG_0447	366.0	3.0	0.0	0.0	39	369.0	0.008130081300813009
YSG_0448	244.0	35.0	0.0	0.0	49	279.0	0.12544802867383512
YSG_0449	702.0	6.0	0.0	0.0	42	708.0	0.00847457627118644
YSG_0450	650.0	7.0	0.0	0.0	40	657.0	0.0106544901065449
YSG_0451b	536.0	7.0	0.0	0.0	39	543.0	0.01289134438305709
YSG_0452	1195.0	73.0	1.0	0.0	34	1269.0	0.05831363278171789
YSG_0453	1497.0	65.0	10.0	0.0	33	1572.0	0.04770992366412214
YSG_0454	824.0	187.0	0.0	0.0	5	1011.0	0.18496538081107813
YSG_0455	248.0	1.0	0.0	0.0	35	249.0	0.004016064257028112
YSG_0456	564.0	9.0	0.0	0.0	41	573.0	0.015706806282722512
YSG_0459	1937.0	19.0	0.0	0.0	33	1956.0	0.009713701431492843
YSG_0460	415.0	136.0	1.0	0.0	34	552.0	0.24818840579710144
YSG_0462	726.0	3.0	0.0	0.0	37	729.0	0.00411522633744856
YSG_0463	300.0	0.0	0.0	0.0	37	300.0	0.0
YSG_0464	548.0	60.0	1.0	0.0	31	609.0	0.10016420361247948
YSG_0465	231.0	0.0	0.0	0.0	26	231.0	0.0
YSG_0466b	604.0	128.0	6.0	0.0	39	738.0	0.18157181571815717
YSG_0467	1062.0	38.0	1.0	0.0	36	1101.0	0.035422343324250684
YSG_0468	366.0	0.0	0.0	0.0	32	366.0	0.0
YSG_0469	279.0	57.0	0.0	0.0	44	336.0	0.16964285714285715
YSG_0471	693.0	3.0	0.0	0.0	43	696.0	0.004310344827586207
YSG_0472	304.0	2.0	0.0	0.0	44	306.0	0.006535947712418301
YSG_0473	149.0	28.0	0.0	0.0	37	177.0	0.15819209039548024
YSG_0474b	398.0	4.0	0.0	0.0	38	402.0	0.009950248756218905
YSG_0475	345.0	3.0	0.0	0.0	48	348.0	0.008620689655172414
YSG_0476	1085.0	13.0	0.0	0.0	42	1098.0	0.011839708561020037
YSG_0477b	2115.0	15.0	0.0	0.0	36	2130.0	0.007042253521126761
YSG_0478	282.0	30.0	0.0	0.0	53	312.0	0.09615384615384616
YSG_0479	501.0	199.0	14.0	0.0	36	714.0	0.29831932773109243
YSG_0480	1157.0	255.0	18.0	1.0	41	1431.0	0.1914744933612858
YSG_0482	407.0	4.0	0.0	0.0	47	411.0	0.009732360097323601
YSG_0483b	693.0	44.0	1.0	0.0	24	738.0	0.06097560975609756
YSG_0484	134.0	1.0	0.0	0.0	46	135.0	0.007407407407407408
YSG_0485	261.0	6.0	0.0	0.0	35	267.0	0.02247191011235955
YSG_0486	669.0	45.0	0.0	0.0	46	714.0	0.06302521008403361
YSG_0487	696.0	6.0	0.0	0.0	39	702.0	0.008547008547008548
YSG_0489	487.0	2.0	0.0	0.0	38	489.0	0.00408997955010225
YSG_0491	1356.0	9.0	0.0	0.0	42	1365.0	0.006593406593406593
YSG_0493b	931.0	62.0	0.0	0.0	40	993.0	0.06243705941591138
YSG_0494b	779.0	163.0	6.0	0.0	47	948.0	0.17827004219409281
YSG_0495	278.0	1.0	0.0	0.0	38	279.0	0.0035842293906810036
YSG_0496	1603.0	116.0	0.0	0.0	40	1719.0	0.06748109365910412
YSG_0497	342.0	3.0	0.0	0.0	45	345.0	0.008695652173913044
YSG_0498	552.0	9.0	0.0	0.0	40	561.0	0.016042780748663103
YSG_0499b	529.0	5.0	0.0	0.0	45	534.0	0.009363295880149813
YSG_0500	1194.0	78.0	0.0	0.0	36	1272.0	0.06132075471698113
YSG_0501	344.0	4.0	0.0	0.0	45	348.0	0.011494252873563218
YSG_0502	117.0	0.0	0.0	0.0	41	117.0	0.0
YSG_0503	818.0	7.0	0.0	0.0	43	825.0	0.008484848484848486
YSG_0504	236.0	1.0	0.0	0.0	44	237.0	0.004219409282700422
YSG_0505	143.0	4.0	0.0	0.0	33	147.0	0.027210884353741496
YSG_0506	195.0	3.0	0.0	0.0	32	198.0	0.015151515151515152
YSG_0507	779.0	7.0	0.0	0.0	38	786.0	0.008905852417302799
YSG_0508	1145.0	224.0	23.0	0.0	27	1392.0	0.17744252873563218
YSG_0509	598.0	65.0	0.0	0.0	41	663.0	0.09803921568627451
YSG_0510	258.0	30.0	0.0	0.0	48	288.0	0.10416666666666667
YSG_0511	1602.0	118.0	5.0	0.0	41	1725.0	0.07130434782608695
YSG_0512	1143.0	6.0	0.0	0.0	30	1149.0	0.005221932114882507
YSG_0513	1130.0	55.0	0.0	0.0	41	1185.0	0.046413502109704644
YSG_0515	404.0	4.0	0.0	0.0	41	408.0	0.00980392156862745
YSG_0517	690.0	0.0	0.0	0.0	37	690.0	0.0
YSG_0518	893.0	4.0	0.0	0.0	33	897.0	0.004459308807134894
YSG_0519	242.0	1.0	0.0	0.0	40	243.0	0.00411522633744856
YSG_0520	736.0	5.0	0.0	0.0	49	741.0	0.006747638326585695
YSG_0521	946.0	2.0	0.0	0.0	40	948.0	0.002109704641350211
YSG_0522	701.0	104.0	2.0	0.0	47	807.0	0.13135068153655513
YSG_0523	577.0	2.0	0.0	0.0	42	579.0	0.0034542314335060447
YSG_0525	891.0	18.0	0.0	0.0	34	909.0	0.019801980198019802
YSG_0526b	579.0	6.0	0.0	0.0	54	585.0	0.010256410256410256
YSG_0527	463.0	2.0	0.0	0.0	36	465.0	0.004301075268817204
YSG_0528	212.0	1.0	0.0	0.0	39	213.0	0.004694835680751174
YSG_0529	670.0	5.0	0.0	0.0	32	675.0	0.007407407407407408
YSG_0530b	408.0	15.0	0.0	0.0	41	423.0	0.03546099290780142
YSG_0531	518.0	7.0	0.0	0.0	50	525.0	0.013333333333333334
YSG_0532	759.0	3.0	0.0	0.0	53	762.0	0.003937007874015748
YSG_0535	415.0	8.0	0.0	0.0	47	423.0	0.018912529550827423
YSG_0536	403.0	5.0	0.0	0.0	46	408.0	0.012254901960784314
YSG_0537	2027.0	468.0	31.0	0.0	24	2526.0	0.19754552652414886
YSG_0538b	211.0	17.0	0.0	0.0	29	228.0	0.07456140350877193
YSG_0539	741.0	12.0	0.0	0.0	42	753.0	0.01593625498007968
YSG_0540	808.0	2.0	0.0	0.0	41	810.0	0.0024691358024691358
YSG_0541	1607.0	145.0	3.0	0.0	34	1755.0	0.08433048433048433
YSG_0542	482.0	7.0	0.0	0.0	40	489.0	0.014314928425357873
YSG_0544	1302.0	59.0	1.0	0.0	36	1362.0	0.04405286343612335
YSG_0545	1598.0	4.0	0.0	0.0	34	1602.0	0.0024968789013732834
YSG_0546	819.0	6.0	0.0	0.0	34	825.0	0.007272727272727273
YSG_0547	873.0	9.0	0.0	0.0	38	882.0	0.01020408163265306
YSG_0548	497.0	1.0	0.0	0.0	37	498.0	0.002008032128514056
YSG_0549	335.0	1.0	0.0	0.0	38	336.0	0.002976190476190476
YSG_0551	350.0	100.0	12.0	0.0	37	462.0	0.24242424242424243
YSG_0553	755.0	4.0	0.0	0.0	45	759.0	0.005270092226613966
YSG_0554	660.0	12.0	0.0	0.0	39	672.0	0.017857142857142856
YSG_0555	1105.0	8.0	0.0	0.0	35	1113.0	0.0071877807726864335
YSG_0556	1203.0	125.0	4.0	0.0	44	1332.0	0.09684684684684684
YSG_0557	1182.0	259.0	5.0	0.0	44	1446.0	0.1825726141078838
YSG_0559	347.0	4.0	0.0	0.0	40	351.0	0.011396011396011397
YSG_0562	621.0	3.0	0.0	0.0	38	624.0	0.004807692307692308
YSG_0563	900.0	21.0	0.0	0.0	42	921.0	0.02280130293159609
YSG_0564	406.0	95.0	9.0	0.0	40	510.0	0.20392156862745098
YSG_0565	754.0	150.0	8.0	0.0	40	912.0	0.17324561403508773
YSG_0567	588.0	6.0	0.0	0.0	40	594.0	0.010101010101010102
YSG_0568	751.0	201.0	5.0	0.0	51	957.0	0.21525600835945663
YSG_0570	819.0	3.0	0.0	0.0	49	822.0	0.0036496350364963502
YSG_0571	1254.0	149.0	4.0	0.0	37	1407.0	0.10874200426439233
YSG_0572	253.0	8.0	0.0	0.0	33	261.0	0.03065134099616858
YSG_0573	704.0	13.0	0.0	0.0	36	717.0	0.01813110181311018
YSG_0574	404.0	4.0	0.0	0.0	39	408.0	0.00980392156862745
YSG_0576b	1232.0	49.0	0.0	0.0	40	1281.0	0.03825136612021858
YSG_0577	1332.0	12.0	0.0	0.0	36	1344.0	0.008928571428571428
YSG_0578b	490.0	52.0	1.0	0.0	41	543.0	0.09760589318600368
YSG_0579	467.0	136.0	14.0	1.0	34	618.0	0.24433656957928804
YSG_0580	315.0	75.0	3.0	0.0	40	393.0	0.1984732824427481
YSG_0582	359.0	26.0	2.0	0.0	41	387.0	0.07235142118863049
YSG_0584	644.0	10.0	0.0	0.0	36	654.0	0.01529051987767584
YSG_0585	483.0	6.0	0.0	0.0	41	489.0	0.012269938650306749
YSG_0586	740.0	4.0	0.0	0.0	38	744.0	0.005376344086021506
YSG_0587	557.0	122.0	4.0	1.0	39	684.0	0.18567251461988304
YSG_0588b	1189.0	5.0	0.0	0.0	40	1194.0	0.0041876046901172526
YSG_0590	2032.0	71.0	0.0	0.0	44	2103.0	0.03376129339039467
YSG_0591	781.0	44.0	0.0	0.0	47	825.0	0.05333333333333334
YSG_0592	2882.0	326.0	5.0	0.0	36	3213.0	0.10301898537192655
YSG_0593	421.0	2.0	0.0	0.0	45	423.0	0.004728132387706856
YSG_0594	649.0	11.0	0.0	0.0	43	660.0	0.016666666666666666
YSG_0596b	322.0	5.0	0.0	0.0	32	327.0	0.01529051987767584
YSG_0597	1163.0	25.0	0.0	0.0	32	1188.0	0.021043771043771045
YSG_0598	792.0	9.0	0.0	0.0	45	801.0	0.011235955056179775
YSG_0600	424.0	5.0	0.0	0.0	42	429.0	0.011655011655011656
YSG_0602	1375.0	11.0	0.0	0.0	42	1386.0	0.007936507936507936
YSG_0603	261.0	0.0	0.0	0.0	34	261.0	0.0
YSG_0604	733.0	110.0	0.0	0.0	39	843.0	0.13048635824436536
YSG_0606	302.0	16.0	0.0	0.0	39	318.0	0.050314465408805034
YSG_0607	691.0	82.0	1.0	0.0	35	774.0	0.10723514211886305
YSG_0608b	642.0	107.0	1.0	0.0	37	750.0	0.144
YSG_0609	616.0	49.0	1.0	0.0	36	666.0	0.07507507507507508
YSG_0610	399.0	9.0	0.0	0.0	40	408.0	0.022058823529411766
YSG_0611	1108.0	8.0	0.0	0.0	38	1116.0	0.007168458781362007
YSG_0612	191.0	1.0	0.0	0.0	34	192.0	0.005208333333333333
YSG_0613	953.0	218.0	11.0	0.0	32	1182.0	0.19373942470389172
YSG_0614	552.0	104.0	1.0	0.0	47	657.0	0.1598173515981735
YSG_0615	215.0	34.0	0.0	0.0	47	249.0	0.13654618473895583
YSG_0616	505.0	44.0	0.0	0.0	43	549.0	0.08014571948998178
YSG_0617	665.0	4.0	0.0	0.0	45	669.0	0.005979073243647235
YSG_0618	928.0	8.0	0.0	0.0	38	936.0	0.008547008547008548
YSG_0619	455.0	1.0	0.0	0.0	38	456.0	0.0021929824561403508
YSG_0621	1064.0	10.0	0.0	0.0	42	1074.0	0.00931098696461825
YSG_0622	213.0	23.0	1.0	0.0	40	237.0	0.10126582278481013
YSG_0623	1084.0	8.0	0.0	0.0	33	1092.0	0.007326007326007326
YSG_0624	1460.0	13.0	0.0	0.0	41	1473.0	0.008825526137135099
YSG_0625	641.0	91.0	0.0	0.0	41	732.0	0.12431693989071038
YSG_0626	868.0	67.0	1.0	0.0	42	936.0	0.07264957264957266
YSG_0627	783.0	182.0	19.0	0.0	38	984.0	0.20426829268292682
YSG_0628	402.0	75.0	0.0	0.0	28	477.0	0.15723270440251572
YSG_0629	648.0	165.0	6.0	0.0	44	819.0	0.2087912087912088
YSG_0630	1307.0	12.0	1.0	0.0	32	1320.0	0.009848484848484848
YSG_0631	762.0	158.0	0.0	1.0	44	921.0	0.17263843648208468
YSG_0632	281.0	16.0	0.0	0.0	42	297.0	0.05387205387205387
YSG_0633	553.0	5.0	0.0	0.0	35	558.0	0.008960573476702509
YSG_0634	932.0	13.0	0.0	0.0	38	945.0	0.013756613756613757
YSG_0635	524.0	4.0	0.0	0.0	38	528.0	0.007575757575757576
YSG_0636	1341.0	116.0	1.0	0.0	26	1458.0	0.08024691358024691
YSG_0637	238.0	2.0	0.0	0.0	35	240.0	0.008333333333333333
YSG_0639	290.0	16.0	0.0	0.0	39	306.0	0.05228758169934641
YSG_0640	994.0	50.0	0.0	0.0	26	1044.0	0.04789272030651341
YSG_0642	741.0	163.0	2.0	0.0	27	906.0	0.18211920529801323
YSG_0644	978.0	12.0	0.0	0.0	40	990.0	0.012121212121212121
YSG_0645	281.0	1.0	0.0	0.0	43	282.0	0.0035460992907801418
YSG_0648	1333.0	254.0	21.0	0.0	38	1608.0	0.17101990049751245
YSG_0649	714.0	75.0	0.0	0.0	39	789.0	0.09505703422053231
YSG_0650	174.0	0.0	0.0	0.0	33	174.0	0.0
YSG_0651	322.0	2.0	0.0	0.0	33	324.0	0.006172839506172839
YSG_0652	568.0	53.0	0.0	0.0	37	621.0	0.0853462157809984
YSG_0653	336.0	66.0	0.0	0.0	44	402.0	0.16417910447761194
YSG_0654	458.0	1.0	0.0	0.0	43	459.0	0.002178649237472767
YSG_0655	896.0	102.0	1.0	0.0	26	999.0	0.1031031031031031
YSG_0656	1351.0	420.0	58.0	4.0	29	1833.0	0.2629569012547736
YSG_0657	834.0	56.0	1.0	0.0	38	891.0	0.06397306397306397
YSG_0658	1169.0	401.0	26.0	0.0	35	1596.0	0.2675438596491228
YSG_0659	867.0	128.0	1.0	0.0	21	996.0	0.12951807228915663
YSG_0660	376.0	8.0	0.0	0.0	36	384.0	0.020833333333333332
YSG_0661	1496.0	171.0	10.0	0.0	40	1677.0	0.10793082886106142
YSG_0663	1157.0	89.0	2.0	0.0	34	1248.0	0.07291666666666667
YSG_0664	404.0	4.0	0.0	0.0	39	408.0	0.00980392156862745
YSG_0665	267.0	14.0	1.0	0.0	40	282.0	0.05319148936170213
YSG_0666	613.0	2.0	0.0	0.0	47	615.0	0.0032520325203252032
YSG_0668	612.0	3.0	0.0	0.0	40	615.0	0.004878048780487805
YSG_0669	109.0	11.0	0.0	0.0	47	120.0	0.09166666666666666
YSG_0670	157.0	37.0	1.0	0.0	47	195.0	0.19487179487179487
YSG_0671	646.0	29.0	0.0	0.0	35	675.0	0.04296296296296296
YSG_0672	1160.0	7.0	0.0	0.0	37	1167.0	0.005998286203941731
YSG_0673	479.0	25.0	0.0	0.0	38	504.0	0.0496031746031746
YSG_0674	507.0	0.0	0.0	0.0	41	507.0	0.0
YSG_0675	666.0	61.0	2.0	0.0	43	729.0	0.08641975308641975
YSG_0676	1028.0	215.0	23.0	0.0	48	1266.0	0.18799368088467613
YSG_0677b	1013.0	7.0	0.0	0.0	34	1020.0	0.006862745098039216
YSG_0678	1040.0	13.0	0.0	0.0	40	1053.0	0.012345679012345678
YSG_0679	740.0	7.0	0.0	0.0	42	747.0	0.009370816599732263
YSG_0680	501.0	21.0	0.0	0.0	44	522.0	0.040229885057471264
YSG_0681	558.0	3.0	0.0	0.0	41	561.0	0.0053475935828877
YSG_0682	1748.0	49.0	0.0	0.0	25	1797.0	0.027267668336115748
YSG_0683	794.0	55.0	0.0	0.0	30	849.0	0.06478209658421673
YSG_0684	397.0	2.0	0.0	0.0	47	399.0	0.005012531328320802
YSG_0686	423.0	6.0	0.0	0.0	53	429.0	0.013986013986013986
YSG_0687b	529.0	35.0	0.0	0.0	46	564.0	0.06205673758865248
YSG_0688	359.0	1.0	0.0	0.0	46	360.0	0.002777777777777778
YSG_0689b	817.0	5.0	0.0	0.0	35	822.0	0.006082725060827251
YSG_0690	2288.0	106.0	0.0	0.0	31	2394.0	0.04427736006683375
YSG_0691	459.0	9.0	0.0	0.0	52	468.0	0.019230769230769232
YSG_0693	250.0	11.0	0.0	0.0	41	261.0	0.0421455938697318
YSG_0694	505.0	14.0	0.0	0.0	40	519.0	0.02697495183044316
YSG_0696	769.0	25.0	1.0	0.0	34	795.0	0.03270440251572327
YSG_0697	658.0	65.0	0.0	0.0	36	723.0	0.08990318118948824
YSG_0698	391.0	32.0	0.0	0.0	31	423.0	0.07565011820330969
YSG_0699	667.0	5.0	0.0	0.0	31	672.0	0.00744047619047619
YSG_0700	1214.0	7.0	0.0	0.0	36	1221.0	0.005733005733005733
YSG_0701	585.0	6.0	0.0	0.0	40	591.0	0.01015228426395939
YSG_0702	1415.0	4.0	0.0	0.0	32	1419.0	0.0028188865398167725
YSG_0703	2074.0	11.0	0.0	0.0	37	2085.0	0.005275779376498801
YSG_0705	1089.0	6.0	0.0	0.0	40	1095.0	0.005479452054794521
YSG_0706	406.0	2.0	0.0	0.0	35	408.0	0.004901960784313725
YSG_0707	400.0	2.0	0.0	0.0	26	402.0	0.004975124378109453
YSG_0708	1901.0	617.0	14.0	0.0	34	2532.0	0.24921011058451817
YSG_0709	493.0	5.0	0.0	0.0	46	498.0	0.010040160642570281
YSG_0710	669.0	114.0	3.0	0.0	38	786.0	0.14885496183206107
YSG_0711	708.0	110.0	4.0	0.0	37	822.0	0.1386861313868613
YSG_0712	1050.0	6.0	0.0	0.0	37	1056.0	0.005681818181818182
YSG_0714	426.0	6.0	0.0	0.0	46	432.0	0.013888888888888888
YSG_0715	190.0	2.0	0.0	0.0	38	192.0	0.010416666666666666
YSG_0716	1333.0	108.0	1.0	1.0	28	1443.0	0.07623007623007623
YSG_0717	641.0	7.0	0.0	0.0	40	648.0	0.010802469135802469
YSG_0719b	788.0	1.0	0.0	0.0	37	789.0	0.0012674271229404308
YSG_0720	1350.0	9.0	0.0	0.0	46	1359.0	0.006622516556291391
YSG_0721	305.0	1.0	0.0	0.0	32	306.0	0.0032679738562091504
YSG_0722	1305.0	252.0	0.0	0.0	34	1557.0	0.16184971098265896
YSG_0723	691.0	5.0	0.0	0.0	41	696.0	0.007183908045977011
YSG_0724	149.0	1.0	0.0	0.0	34	150.0	0.006666666666666667
YSG_0726	615.0	71.0	3.0	1.0	19	690.0	0.10869565217391304
YSG_0727	1013.0	22.0	0.0	0.0	8	1035.0	0.021256038647342997
YSG_0728	717.0	20.0	1.0	0.0	44	738.0	0.028455284552845527
YSG_0729	407.0	1.0	0.0	0.0	44	408.0	0.0024509803921568627
YSG_0730	286.0	47.0	3.0	0.0	41	336.0	0.1488095238095238
YSG_0731	2079.0	9.0	0.0	0.0	35	2088.0	0.004310344827586207
YSG_0732	1252.0	41.0	0.0	0.0	31	1293.0	0.0317092034029389
YSG_0733	1542.0	227.0	1.0	0.0	29	1770.0	0.1288135593220339
YSG_0734	876.0	9.0	0.0	0.0	31	885.0	0.010169491525423728
YSG_0735	127.0	2.0	0.0	0.0	35	129.0	0.015503875968992248
YSG_0736	1357.0	8.0	0.0	0.0	38	1365.0	0.005860805860805861
YSG_0737	811.0	8.0	0.0	0.0	29	819.0	0.009768009768009768
YSG_0738	238.0	2.0	0.0	0.0	46	240.0	0.008333333333333333
YSG_0739	633.0	30.0	0.0	0.0	20	663.0	0.04524886877828054
YSG_0740	196.0	11.0	0.0	0.0	25	207.0	0.05314009661835749
YSG_0741	343.0	14.0	0.0	0.0	27	357.0	0.0392156862745098
YSG_0742b	961.0	22.0	1.0	0.0	34	984.0	0.023373983739837397
YSG_0743	831.0	21.0	0.0	0.0	34	852.0	0.02464788732394366
YSG_0744	303.0	3.0	0.0	0.0	38	306.0	0.00980392156862745
YSG_0745	271.0	17.0	0.0	0.0	40	288.0	0.059027777777777776
YSG_0746	1327.0	8.0	0.0	0.0	31	1335.0	0.00599250936329588
YSG_0747	918.0	12.0	0.0	0.0	32	930.0	0.012903225806451613
YSG_0749	487.0	8.0	0.0	0.0	38	495.0	0.01616161616161616
YSG_0750	497.0	4.0	0.0	0.0	33	501.0	0.007984031936127744
YSG_0751	911.0	7.0	0.0	0.0	40	918.0	0.007625272331154684
YSG_0752	1391.0	4.0	0.0	0.0	29	1395.0	0.002867383512544803
YSG_0753	877.0	5.0	0.0	0.0	35	882.0	0.005668934240362812
YSG_0754	1069.0	2.0	0.0	0.0	31	1071.0	0.0018674136321195146
YSG_0755	288.0	0.0	0.0	0.0	34	288.0	0.0
YSG_0756	626.0	34.0	0.0	0.0	43	660.0	0.051515151515151514
YSG_0757	1699.0	82.0	1.0	0.0	32	1782.0	0.04657687991021325
YSG_0758	913.0	71.0	0.0	0.0	48	984.0	0.07215447154471545
YSG_0759	682.0	2.0	0.0	0.0	28	684.0	0.0029239766081871343
YSG_0760	412.0	5.0	0.0	0.0	42	417.0	0.011990407673860911
YSG_0761	444.0	99.0	0.0	0.0	29	543.0	0.18232044198895028
YSG_0762	295.0	2.0	0.0	0.0	35	297.0	0.006734006734006734
YSG_0763	1412.0	33.0	1.0	0.0	38	1446.0	0.02351313969571231
YSG_0764	607.0	5.0	0.0	0.0	45	612.0	0.008169934640522876
YSG_0765	716.0	45.0	1.0	0.0	40	762.0	0.06036745406824147
YSG_0766	550.0	8.0	0.0	0.0	33	558.0	0.014336917562724014
YSG_0767	692.0	4.0	0.0	0.0	37	696.0	0.005747126436781609
YSG_0768	671.0	146.0	8.0	0.0	35	825.0	0.18666666666666668
YSG_0769	397.0	50.0	0.0	0.0	37	447.0	0.11185682326621924
YSG_0770	233.0	1.0	0.0	0.0	34	234.0	0.004273504273504274
YSG_0771	579.0	6.0	0.0	0.0	43	585.0	0.010256410256410256
YSG_0772	297.0	3.0	0.0	0.0	48	300.0	0.01
YSG_0773	1274.0	196.0	3.0	0.0	35	1473.0	0.13509843856076034
YSG_0775	232.0	47.0	0.0	0.0	45	279.0	0.16845878136200718
YSG_0776	497.0	1.0	0.0	0.0	43	498.0	0.002008032128514056
YSG_0777	1457.0	96.0	4.0	0.0	33	1557.0	0.06422607578676943
YSG_0778	576.0	30.0	0.0	0.0	36	606.0	0.04950495049504951
YSG_0779	1058.0	13.0	0.0	0.0	45	1071.0	0.012138188608776844
YSG_0780	877.0	158.0	12.0	0.0	39	1047.0	0.1623686723973257
YSG_0781	868.0	38.0	0.0	0.0	39	906.0	0.04194260485651214
YSG_0783	1120.0	103.0	1.0	0.0	27	1224.0	0.08496732026143791
YSG_0784	932.0	10.0	0.0	0.0	41	942.0	0.010615711252653927
YSG_0785	362.0	4.0	0.0	0.0	27	366.0	0.01092896174863388
YSG_0786	614.0	93.0	1.0	0.0	35	708.0	0.1327683615819209
YSG_0787b	1082.0	134.0	2.0	0.0	36	1218.0	0.1116584564860427
YSG_0788	647.0	113.0	2.0	0.0	45	762.0	0.15091863517060367
YSG_0789	424.0	14.0	0.0	0.0	46	438.0	0.0319634703196347
YSG_0791	1954.0	44.0	0.0	0.0	29	1998.0	0.022022022022022022
YSG_0792	482.0	1.0	0.0	0.0	36	483.0	0.002070393374741201
YSG_0793	302.0	34.0	0.0	0.0	44	336.0	0.10119047619047619
YSG_0794	592.0	5.0	0.0	0.0	34	597.0	0.008375209380234505
YSG_0795	2301.0	319.0	14.0	0.0	27	2634.0	0.1264236902050114
YSG_0796	333.0	6.0	0.0	0.0	33	339.0	0.017699115044247787
YSG_0799	634.0	114.0	2.0	0.0	37	750.0	0.15466666666666667
YSG_0801	1120.0	284.0	27.0	0.0	24	1431.0	0.21733053808525507
YSG_0802b	541.0	5.0	0.0	0.0	40	546.0	0.009157509157509158
YSG_0803	840.0	9.0	0.0	0.0	40	849.0	0.01060070671378092
YSG_0804	224.0	16.0	0.0	0.0	37	240.0	0.06666666666666667
YSG_0806	982.0	79.0	1.0	0.0	35	1062.0	0.07532956685499058
YSG_0807	1054.0	289.0	21.0	1.0	34	1365.0	0.22783882783882783
YSG_0808	408.0	3.0	0.0	0.0	31	411.0	0.0072992700729927005
YSG_0810	859.0	35.0	0.0	0.0	24	894.0	0.039149888143176735
YSG_0811	471.0	0.0	0.0	0.0	38	471.0	0.0
YSG_0812b	993.0	3.0	0.0	0.0	35	996.0	0.0030120481927710845
YSG_0813	876.0	6.0	0.0	0.0	42	882.0	0.006802721088435374
YSG_0814	309.0	0.0	0.0	0.0	41	309.0	0.0
YSG_0815	393.0	72.0	3.0	0.0	17	468.0	0.16025641025641027
YSG_0816	243.0	12.0	0.0	0.0	26	255.0	0.047058823529411764
YSG_0817	336.0	27.0	0.0	0.0	26	363.0	0.0743801652892562
YSG_0818b	405.0	3.0	0.0	0.0	37	408.0	0.007352941176470588
YSG_0819	276.0	0.0	0.0	0.0	30	276.0	0.0
YSG_0821	183.0	0.0	0.0	0.0	37	183.0	0.0
YSG_0822b	990.0	78.0	0.0	0.0	33	1068.0	0.07303370786516854
YSG_0823	541.0	5.0	0.0	0.0	37	546.0	0.009157509157509158
YSG_0824	363.0	3.0	0.0	0.0	37	366.0	0.00819672131147541
YSG_0825	653.0	91.0	0.0	0.0	36	744.0	0.12231182795698925
YSG_0826	225.0	42.0	0.0	0.0	40	267.0	0.15730337078651685
YSG_0827	652.0	110.0	0.0	0.0	40	762.0	0.14435695538057744
YSG_0828	1693.0	150.0	2.0	0.0	26	1845.0	0.08238482384823849
YSG_0830	659.0	1.0	0.0	0.0	36	660.0	0.0015151515151515152
YSG_0831	212.0	1.0	0.0	0.0	39	213.0	0.004694835680751174
YSG_0832	504.0	6.0	0.0	0.0	42	510.0	0.011764705882352941
YSG_0833	1398.0	9.0	0.0	0.0	30	1407.0	0.006396588486140725
YSG_0834	543.0	3.0	0.0	0.0	24	546.0	0.005494505494505495
YSG_0835	300.0	39.0	0.0	0.0	45	339.0	0.11504424778761062
YSG_0836	825.0	149.0	1.0	0.0	48	975.0	0.15384615384615385
YSG_0837	1094.0	153.0	9.0	1.0	44	1257.0	0.12967382657120127
YSG_0838	1184.0	73.0	0.0	0.0	38	1257.0	0.05807478122513922
YSG_0839	622.0	17.0	0.0	0.0	36	639.0	0.026604068857589983
YSG_0840	808.0	5.0	0.0	0.0	30	813.0	0.006150061500615006
YSG_0841	577.0	5.0	0.0	0.0	37	582.0	0.00859106529209622
YSG_0842	293.0	4.0	0.0	0.0	39	297.0	0.013468013468013467
YSG_0843	314.0	4.0	0.0	0.0	49	318.0	0.012578616352201259
YSG_0844	916.0	8.0	0.0	0.0	42	924.0	0.008658008658008658
YSG_0845	623.0	10.0	0.0	0.0	40	633.0	0.01579778830963665
YSG_0846	690.0	14.0	1.0	0.0	46	705.0	0.02127659574468085
YSG_0848	955.0	2.0	0.0	0.0	39	957.0	0.0020898641588296763
YSG_0849	1120.0	8.0	0.0	0.0	43	1128.0	0.0070921985815602835
YSG_0850	722.0	188.0	5.0	0.0	39	915.0	0.21092896174863388
YSG_0851	1067.0	103.0	0.0	0.0	47	1170.0	0.08803418803418804
YSG_0852	505.0	8.0	0.0	0.0	45	513.0	0.015594541910331383
YSG_0853	840.0	129.0	0.0	0.0	26	969.0	0.13312693498452013
YSG_0854	1024.0	11.0	0.0	0.0	40	1035.0	0.010628019323671498
YSG_0855	440.0	4.0	0.0	0.0	42	444.0	0.009009009009009009
YSG_0857	526.0	107.0	0.0	0.0	40	633.0	0.16903633491311215
YSG_0858	1160.0	16.0	0.0	0.0	37	1176.0	0.013605442176870748
YSG_0859	500.0	13.0	0.0	0.0	34	513.0	0.025341130604288498
YSG_0860	321.0	3.0	0.0	0.0	35	324.0	0.009259259259259259
YSG_0863	293.0	4.0	0.0	0.0	38	297.0	0.013468013468013467
YSG_0864	676.0	2.0	0.0	0.0	34	678.0	0.0029498525073746312
YSG_0866	897.0	0.0	0.0	0.0	31	897.0	0.0
YSG_0868	258.0	9.0	0.0	0.0	36	267.0	0.033707865168539325
YSG_0869	339.0	30.0	0.0	0.0	50	369.0	0.08130081300813008
YSG_0871	199.0	44.0	0.0	0.0	28	243.0	0.18106995884773663
YSG_0872	1285.0	26.0	0.0	0.0	33	1311.0	0.019832189168573607
YSG_0873	638.0	4.0	0.0	0.0	32	642.0	0.006230529595015576
YSG_0874	527.0	103.0	0.0	0.0	41	630.0	0.1634920634920635
YSG_0876	748.0	14.0	0.0	0.0	35	762.0	0.01837270341207349
YSG_0877	405.0	68.0	1.0	0.0	32	474.0	0.14556962025316456
YSG_0878	276.0	0.0	0.0	0.0	37	276.0	0.0
YSG_0879	321.0	3.0	0.0	0.0	33	324.0	0.009259259259259259
YSG_0880	896.0	7.0	0.0	0.0	42	903.0	0.007751937984496124
YSG_0882	1421.0	147.0	1.0	0.0	32	1569.0	0.09432759719566602
YSG_0883	1158.0	9.0	0.0	0.0	34	1167.0	0.007712082262210797
YSG_0884	385.0	2.0	0.0	0.0	39	387.0	0.00516795865633075
YSG_0885	1236.0	3.0	0.0	0.0	38	1239.0	0.002421307506053269
YSG_0887	1126.0	5.0	0.0	0.0	41	1131.0	0.004420866489832007
YSG_0888	239.0	1.0	0.0	0.0	43	240.0	0.004166666666666667
YSG_0889b	295.0	13.0	1.0	0.0	31	309.0	0.045307443365695796
YSG_0890	554.0	1.0	0.0	0.0	25	555.0	0.0018018018018018018
YSG_0891	388.0	71.0	0.0	0.0	38	459.0	0.15468409586056645
YSG_0892	806.0	4.0	0.0	0.0	37	810.0	0.0049382716049382715
YSG_0894	458.0	1.0	0.0	0.0	34	459.0	0.002178649237472767
YSG_0895	1086.0	272.0	1.0	0.0	31	1359.0	0.20088300220750552
YSG_0898	1125.0	513.0	51.0	3.0	30	1692.0	0.3351063829787234
YSG_0899	874.0	115.0	1.0	0.0	32	990.0	0.11717171717171718
YSG_0900	387.0	6.0	0.0	0.0	39	393.0	0.015267175572519083
YSG_0901	146.0	1.0	0.0	0.0	40	147.0	0.006802721088435374
YSG_0902	679.0	136.0	7.0	0.0	38	822.0	0.17396593673965938
YSG_0903	697.0	50.0	0.0	0.0	35	747.0	0.06693440428380187
YSG_0904	3650.0	82.0	0.0	0.0	31	3732.0	0.02197213290460879
YSG_0905	223.0	35.0	0.0	0.0	39	258.0	0.13565891472868216
YSG_0906	640.0	38.0	0.0	0.0	24	678.0	0.05604719764011799
YSG_0907	629.0	110.0	2.0	0.0	34	741.0	0.15114709851551958
YSG_0908	210.0	2.0	1.0	0.0	37	213.0	0.014084507042253521
YSG_0909	1184.0	133.0	3.0	0.0	43	1320.0	0.10303030303030303
YSG_0911	801.0	3.0	0.0	0.0	32	804.0	0.0037313432835820895
YSG_0912	90.0	15.0	0.0	0.0	31	105.0	0.14285714285714285
YSG_0914	516.0	3.0	0.0	0.0	40	519.0	0.005780346820809248
YSG_0915	638.0	7.0	0.0	0.0	42	645.0	0.010852713178294573
YSG_0916b	1440.0	245.0	10.0	0.0	26	1695.0	0.1504424778761062
YSG_0918b	794.0	91.0	0.0	0.0	33	885.0	0.10282485875706214
YSG_0919	713.0	4.0	0.0	0.0	35	717.0	0.005578800557880056
YSG_0920	1531.0	189.0	5.0	0.0	30	1725.0	0.11246376811594203
YSG_0921	350.0	27.0	1.0	0.0	35	378.0	0.07407407407407407
YSG_0922	1362.0	45.0	0.0	0.0	40	1407.0	0.031982942430703626
YSG_0924b	1440.0	9.0	0.0	0.0	38	1449.0	0.006211180124223602
YSG_0926b	880.0	14.0	0.0	0.0	50	894.0	0.015659955257270694
YSG_0927	238.0	2.0	0.0	0.0	43	240.0	0.008333333333333333
YSG_0928	664.0	5.0	0.0	0.0	34	669.0	0.007473841554559043
YSG_0929b	877.0	98.0	0.0	0.0	42	975.0	0.10051282051282051
YSG_0930	690.0	45.0	0.0	0.0	36	735.0	0.061224489795918366
YSG_0931	900.0	142.0	5.0	0.0	40	1047.0	0.14040114613180515
YSG_0932	956.0	4.0	0.0	0.0	33	960.0	0.004166666666666667
YSG_0934	290.0	7.0	0.0	0.0	33	297.0	0.02356902356902357
YSG_0935	333.0	80.0	1.0	0.0	37	414.0	0.1956521739130435
YSG_0936	363.0	6.0	0.0	0.0	42	369.0	0.016260162601626018
YSG_0937	1209.0	213.0	11.0	1.0	41	1434.0	0.15690376569037656
YSG_0939	799.0	64.0	1.0	0.0	43	864.0	0.07523148148148148
YSG_0940	218.0	1.0	0.0	0.0	34	219.0	0.0045662100456621
YSG_0941	816.0	124.0	2.0	0.0	38	942.0	0.1337579617834395
YSG_0943	222.0	3.0	0.0	0.0	42	225.0	0.013333333333333334
YSG_0944	1234.0	49.0	1.0	0.0	45	1284.0	0.03894080996884735
YSG_0946c	940.0	58.0	1.0	0.0	37	999.0	0.05905905905905906
YSG_0947	917.0	322.0	15.0	0.0	33	1254.0	0.2687400318979266
YSG_0948	249.0	11.0	1.0	0.0	24	261.0	0.04597701149425287
YSG_0949	260.0	1.0	0.0	0.0	40	261.0	0.0038314176245210726
YSG_0950	1070.0	121.0	0.0	0.0	7	1191.0	0.1015952980688497
YSG_0952	1676.0	55.0	0.0	0.0	23	1731.0	0.0317735413056037
YSG_0953	439.0	2.0	0.0	0.0	40	441.0	0.0045351473922902496
YSG_0954	838.0	5.0	0.0	0.0	36	843.0	0.005931198102016607
YSG_0955	755.0	97.0	3.0	0.0	22	855.0	0.11695906432748537
YSG_0956b	1100.0	7.0	0.0	0.0	29	1107.0	0.006323396567299007
YSG_0957	429.0	6.0	0.0	0.0	39	435.0	0.013793103448275862
YSG_0958	373.0	5.0	0.0	0.0	40	378.0	0.013227513227513227
YSG_0959	1205.0	46.0	0.0	0.0	27	1251.0	0.03677058353317346
YSG_0960	1536.0	250.0	8.0	0.0	28	1794.0	0.14381270903010032
YSG_0961	644.0	1.0	0.0	0.0	34	645.0	0.0015503875968992248
YSG_0962	845.0	10.0	0.0	0.0	41	855.0	0.011695906432748537
YSG_0963	475.0	108.0	2.0	0.0	45	585.0	0.18803418803418803
YSG_0965	885.0	6.0	0.0	0.0	37	891.0	0.006734006734006734
YSG_0967	1218.0	38.0	1.0	0.0	35	1257.0	0.031026252983293555
YSG_0969	1197.0	8.0	1.0	0.0	30	1206.0	0.007462686567164179
YSG_0971	245.0	4.0	0.0	0.0	47	249.0	0.01606425702811245
YSG_0972	820.0	77.0	0.0	0.0	28	897.0	0.0858416945373467
YSG_0973	1093.0	295.0	12.0	1.0	36	1401.0	0.21984296930763741
YSG_0974	780.0	6.0	0.0	0.0	39	786.0	0.007633587786259542
YSG_0975	483.0	3.0	0.0	0.0	48	486.0	0.006172839506172839
YSG_0976b	254.0	4.0	0.0	0.0	34	258.0	0.015503875968992248
YSG_0977	963.0	6.0	0.0	0.0	45	969.0	0.006191950464396285
YSG_0978	281.0	1.0	0.0	0.0	42	282.0	0.0035460992907801418
YSG_0979	858.0	27.0	0.0	0.0	38	885.0	0.030508474576271188
YSG_0980	753.0	3.0	0.0	0.0	39	756.0	0.003968253968253968
YSG_0981	536.0	7.0	0.0	0.0	40	543.0	0.01289134438305709
YSG_0982	1291.0	232.0	10.0	0.0	26	1533.0	0.1578604044357469
YSG_0983	631.0	97.0	1.0	0.0	34	729.0	0.13443072702331962
YSG_0984	1500.0	6.0	0.0	0.0	34	1506.0	0.00398406374501992
YSG_0986	1696.0	361.0	39.0	1.0	25	2097.0	0.19122556032427276
YSG_0987	270.0	3.0	0.0	0.0	40	273.0	0.01098901098901099
YSG_0988	507.0	6.0	0.0	0.0	34	513.0	0.011695906432748537
YSG_0990	900.0	179.0	1.0	0.0	34	1080.0	0.16666666666666666
YSG_0991	204.0	0.0	0.0	0.0	42	204.0	0.0
YSG_0992	576.0	73.0	2.0	0.0	43	651.0	0.1152073732718894
YSG_0994	1267.0	80.0	0.0	0.0	27	1347.0	0.05939123979213066
YSG_0995	2776.0	23.0	0.0	0.0	30	2799.0	0.008217220435869954
YSG_0996	1681.0	65.0	3.0	0.0	32	1749.0	0.03887935963407661
YSG_0997	348.0	6.0	0.0	0.0	39	354.0	0.01694915254237288
YSG_0998	497.0	19.0	0.0	0.0	40	516.0	0.03682170542635659
YSG_0999	263.0	1.0	0.0	0.0	38	264.0	0.003787878787878788
YSG_1000	159.0	0.0	0.0	0.0	49	159.0	0.0
YSG_1001	1173.0	9.0	0.0	0.0	37	1182.0	0.007614213197969543
YSG_1002	451.0	2.0	0.0	0.0	36	453.0	0.004415011037527594
YSG_1003b	1638.0	174.0	0.0	0.0	27	1812.0	0.09602649006622517
YSG_1004	1386.0	60.0	0.0	0.0	39	1446.0	0.04149377593360996
YSG_1005	555.0	52.0	2.0	0.0	45	609.0	0.08866995073891626
YSG_1007	880.0	5.0	0.0	0.0	30	885.0	0.005649717514124294
YSG_1009	603.0	54.0	0.0	0.0	39	657.0	0.0821917808219178
YSG_1011	1936.0	258.0	11.0	0.0	39	2205.0	0.1219954648526077
YSG_1013	1085.0	33.0	1.0	0.0	38	1119.0	0.03038427167113494
YSG_1014	515.0	40.0	0.0	0.0	45	555.0	0.07207207207207207
YSG_1015	143.0	41.0	8.0	0.0	33	192.0	0.2552083333333333
YSG_1016	1179.0	326.0	13.0	0.0	40	1518.0	0.22332015810276679
YSG_1018	778.0	5.0	0.0	0.0	44	783.0	0.006385696040868455
YSG_1019	834.0	3.0	0.0	0.0	35	837.0	0.0035842293906810036
YSG_1020	773.0	90.0	1.0	0.0	35	864.0	0.10532407407407407
YSG_1021	283.0	65.0	0.0	0.0	30	348.0	0.1867816091954023
YSG_1023	596.0	1.0	0.0	0.0	34	597.0	0.0016750418760469012
YSG_1024	902.0	40.0	0.0	0.0	37	942.0	0.04246284501061571
YSG_1025	249.0	45.0	0.0	0.0	31	294.0	0.15306122448979592
YSG_1026	578.0	1.0	0.0	0.0	39	579.0	0.0017271157167530224
YSG_1027b	1886.0	68.0	2.0	0.0	35	1956.0	0.03578732106339468
YSG_1028	323.0	7.0	0.0	0.0	54	330.0	0.021212121212121213
YSG_1029	377.0	4.0	0.0	0.0	33	381.0	0.010498687664041995
YSG_1030	1125.0	24.0	0.0	0.0	45	1149.0	0.020887728459530026
YSG_1031	436.0	2.0	0.0	0.0	44	438.0	0.0045662100456621
YSG_1032	509.0	4.0	0.0	0.0	38	513.0	0.007797270955165692
YSG_1033	291.0	3.0	0.0	0.0	38	294.0	0.01020408163265306
YSG_1034	448.0	5.0	0.0	0.0	33	453.0	0.011037527593818985
YSG_1035	447.0	3.0	0.0	0.0	33	450.0	0.006666666666666667
YSG_1036	911.0	79.0	0.0	0.0	34	990.0	0.0797979797979798
YSG_1037	414.0	5.0	1.0	0.0	32	420.0	0.014285714285714285
YSG_1038	481.0	5.0	0.0	0.0	30	486.0	0.0102880658436214
YSG_1039	1020.0	3.0	0.0	0.0	38	1023.0	0.002932551319648094
YSG_1040	122.0	1.0	0.0	0.0	34	123.0	0.008130081300813009
YSG_1041	773.0	132.0	4.0	0.0	44	909.0	0.1496149614961496
YSG_1043	427.0	2.0	0.0	0.0	35	429.0	0.004662004662004662
YSG_1044	592.0	8.0	0.0	0.0	39	600.0	0.013333333333333334
YSG_1045	1123.0	8.0	0.0	0.0	41	1131.0	0.007073386383731211
YSG_1046	316.0	8.0	0.0	0.0	23	324.0	0.024691358024691357
YSG_1047	195.0	0.0	0.0	0.0	34	195.0	0.0
YSG_1048	414.0	3.0	0.0	0.0	40	417.0	0.007194244604316547
YSG_1049	3723.0	33.0	0.0	0.0	26	3756.0	0.00878594249201278
YSG_1050	213.0	9.0	0.0	0.0	25	222.0	0.04054054054054054
YSG_1052	347.0	1.0	0.0	0.0	37	348.0	0.0028735632183908046
YSG_1053	375.0	3.0	0.0	0.0	33	378.0	0.007936507936507936
YSG_1054	1159.0	159.0	5.0	0.0	38	1323.0	0.12396069538926682
YSG_1055	582.0	57.0	2.0	1.0	40	642.0	0.09345794392523364
YSG_1056	370.0	2.0	0.0	0.0	39	372.0	0.005376344086021506
YSG_1057	1261.0	17.0	0.0	0.0	42	1278.0	0.013302034428794992
YSG_1059	1164.0	283.0	14.0	0.0	38	1461.0	0.2032854209445585
YSG_1060	226.0	46.0	1.0	0.0	44	273.0	0.17216117216117216
YSG_1061	2611.0	238.0	4.0	0.0	31	2853.0	0.0848229933403435
YSG_1062	1383.0	195.0	3.0	0.0	33	1581.0	0.1252371916508539
YSG_1063	1680.0	15.0	0.0	0.0	39	1695.0	0.008849557522123894
YSG_1064	830.0	25.0	0.0	0.0	23	855.0	0.029239766081871343
YSG_1065b	1180.0	46.0	1.0	0.0	29	1227.0	0.03830480847595762
YSG_1067	481.0	2.0	0.0	0.0	44	483.0	0.004140786749482402
YSG_1068	646.0	5.0	0.0	0.0	31	651.0	0.007680491551459293
YSG_1069	1128.0	9.0	0.0	0.0	37	1137.0	0.0079155672823219
YSG_1071	214.0	2.0	0.0	0.0	43	216.0	0.009259259259259259
YSG_1072	1610.0	10.0	0.0	0.0	41	1620.0	0.006172839506172839
YSG_1073	527.0	4.0	0.0	0.0	28	531.0	0.007532956685499058
YSG_1074	1188.0	18.0	0.0	0.0	40	1206.0	0.014925373134328358
YSG_1075	127.0	32.0	0.0	0.0	40	159.0	0.20125786163522014
YSG_1077	392.0	1.0	0.0	0.0	39	393.0	0.002544529262086514
YSG_1078	576.0	3.0	0.0	0.0	46	579.0	0.0051813471502590676
YSG_1079	756.0	3.0	0.0	0.0	44	759.0	0.003952569169960474
YSG_1080	694.0	2.0	0.0	0.0	33	696.0	0.0028735632183908046
YSG_1081	1798.0	11.0	0.0	0.0	31	1809.0	0.006080707573244887
YSG_1082	483.0	24.0	0.0	0.0	18	507.0	0.047337278106508875
YSG_1083	1506.0	210.0	9.0	0.0	28	1725.0	0.12695652173913044
YSG_1085	1633.0	14.0	0.0	0.0	25	1647.0	0.008500303582270795
YSG_1086	92.0	4.0	0.0	0.0	21	96.0	0.041666666666666664
YSG_1088b	344.0	4.0	0.0	0.0	34	348.0	0.011494252873563218
YSG_1089b	1040.0	133.0	6.0	0.0	32	1179.0	0.11789652247667515
YSG_1090	402.0	3.0	0.0	0.0	38	405.0	0.007407407407407408
YSG_1091b	525.0	6.0	0.0	0.0	37	531.0	0.011299435028248588
YSG_1092b	854.0	7.0	0.0	0.0	31	861.0	0.008130081300813009
YSG_1094	895.0	23.0	0.0	0.0	34	918.0	0.02505446623093682
YSG_1095	1655.0	112.0	0.0	0.0	29	1767.0	0.06338426711941143
YSG_1096	884.0	28.0	0.0	0.0	32	912.0	0.03070175438596491
YSG_1097	431.0	1.0	0.0	0.0	33	432.0	0.0023148148148148147
YSG_1098	547.0	5.0	0.0	0.0	42	552.0	0.009057971014492754
YSG_1099	822.0	9.0	0.0	0.0	36	831.0	0.010830324909747292
YSG_1100	685.0	5.0	0.0	0.0	26	690.0	0.007246376811594203
YSG_1101	1124.0	10.0	0.0	0.0	35	1134.0	0.008818342151675485
YSG_1102	904.0	11.0	0.0	0.0	24	915.0	0.012021857923497269
YSG_1103	306.0	3.0	0.0	0.0	37	309.0	0.009708737864077669
YSG_1104	903.0	3.0	0.0	0.0	30	906.0	0.0033112582781456954
YSG_1105	300.0	33.0	0.0	0.0	31	333.0	0.0990990990990991
YSG_1106	231.0	3.0	0.0	0.0	33	234.0	0.01282051282051282
YSG_1107	1291.0	11.0	0.0	0.0	40	1302.0	0.008448540706605223
YSG_1108	407.0	4.0	0.0	0.0	36	411.0	0.009732360097323601
YSG_1110	686.0	59.0	2.0	0.0	28	747.0	0.08165997322623829
YSG_1111	252.0	100.0	5.0	0.0	24	357.0	0.29411764705882354
YSG_1112	970.0	5.0	0.0	0.0	38	975.0	0.005128205128205128
YSG_1113	232.0	2.0	0.0	0.0	40	234.0	0.008547008547008548
YSG_1114	984.0	6.0	0.0	0.0	30	990.0	0.006060606060606061
YSG_1115	1367.0	10.0	0.0	0.0	29	1377.0	0.007262164124909223
YSG_1118	842.0	131.0	2.0	0.0	43	975.0	0.13641025641025642
YSG_1120	1504.0	11.0	0.0	0.0	31	1515.0	0.007260726072607261
YSG_1121	356.0	43.0	0.0	0.0	34	399.0	0.10776942355889724
YSG_1122	378.0	3.0	0.0	0.0	40	381.0	0.007874015748031496
YSG_1123	184.0	2.0	0.0	0.0	33	186.0	0.010752688172043012
YSG_1124	977.0	7.0	0.0	0.0	35	984.0	0.007113821138211382
YSG_1125	586.0	69.0	5.0	0.0	32	660.0	0.11212121212121212
YSG_1126	1528.0	50.0	0.0	0.0	32	1578.0	0.031685678073510776
YSG_1127	868.0	14.0	0.0	0.0	33	882.0	0.015873015873015872
YSG_1128	1283.0	25.0	0.0	0.0	22	1308.0	0.0191131498470948
YSG_1129	2431.0	8.0	0.0	0.0	37	2439.0	0.003280032800328003
YSG_1130	1110.0	6.0	0.0	0.0	37	1116.0	0.005376344086021506
YSG_1131	118.0	17.0	0.0	0.0	26	135.0	0.1259259259259259
YSG_1132	233.0	1.0	0.0	0.0	36	234.0	0.004273504273504274
YSG_1133	254.0	24.0	1.0	0.0	35	279.0	0.08960573476702509
YSG_1134	775.0	94.0	4.0	0.0	43	873.0	0.11225658648339061
YSG_1136	423.0	32.0	1.0	0.0	22	456.0	0.07236842105263158
YSG_1137	769.0	2.0	0.0	0.0	24	771.0	0.0025940337224383916
YSG_1139	942.0	39.0	0.0	0.0	24	981.0	0.039755351681957186
YSG_1140b	235.0	5.0	0.0	0.0	36	240.0	0.020833333333333332
YSG_1141	472.0	2.0	0.0	0.0	39	474.0	0.004219409282700422
YSG_1142	873.0	36.0	0.0	0.0	24	909.0	0.039603960396039604
YSG_1143	200.0	1.0	0.0	0.0	48	201.0	0.004975124378109453
YSG_1144	889.0	53.0	0.0	0.0	15	942.0	0.05626326963906582
YSG_1145	801.0	177.0	9.0	0.0	33	987.0	0.1884498480243161
YSG_1146	237.0	0.0	0.0	0.0	43	237.0	0.0
YSG_1147	638.0	123.0	16.0	0.0	34	777.0	0.1788931788931789
YSG_1148	446.0	36.0	1.0	0.0	34	483.0	0.07660455486542443
YSG_1149	612.0	0.0	0.0	0.0	23	612.0	0.0
YSG_1151	95.0	15.0	4.0	0.0	46	114.0	0.16666666666666666
YSG_1152	156.0	37.0	2.0	0.0	28	195.0	0.2
YSG_1153	699.0	30.0	0.0	0.0	35	729.0	0.0411522633744856
YSG_1154	1742.0	118.0	0.0	0.0	33	1860.0	0.06344086021505377
YSG_1156	704.0	34.0	0.0	0.0	39	738.0	0.04607046070460705
YSG_1157	1830.0	9.0	0.0	0.0	33	1839.0	0.004893964110929853
YSG_1158	3270.0	53.0	1.0	0.0	25	3324.0	0.016245487364620937
YSG_1160	696.0	6.0	0.0	0.0	40	702.0	0.008547008547008548
YSG_1162	564.0	3.0	0.0	0.0	35	567.0	0.005291005291005291
YSG_1164	410.0	75.0	1.0	0.0	42	486.0	0.15637860082304528
YSG_1165	1389.0	326.0	25.0	0.0	35	1740.0	0.20172413793103447
YSG_1166b	1244.0	131.0	2.0	0.0	42	1377.0	0.09658678286129267
YSG_1167	1047.0	21.0	0.0	0.0	31	1068.0	0.019662921348314606
YSG_1168	278.0	4.0	0.0	0.0	32	282.0	0.014184397163120567
YSG_1170	948.0	9.0	0.0	0.0	34	957.0	0.009404388714733543
YSG_1171	1805.0	243.0	7.0	0.0	28	2055.0	0.12165450121654502
YSG_1172	266.0	1.0	0.0	0.0	40	267.0	0.003745318352059925
YSG_1174	311.0	1.0	0.0	0.0	38	312.0	0.003205128205128205
YSG_1176	1040.0	1.0	0.0	0.0	37	1041.0	0.0009606147934678194
YSG_1177	652.0	5.0	0.0	0.0	37	657.0	0.0076103500761035
YSG_1178	431.0	1.0	0.0	0.0	27	432.0	0.0023148148148148147
YSG_1179	515.0	4.0	0.0	0.0	28	519.0	0.007707129094412331
YSG_1181	742.0	8.0	0.0	0.0	39	750.0	0.010666666666666666
YSG_1182	868.0	52.0	1.0	0.0	46	921.0	0.05754614549402823
YSG_1183	287.0	67.0	0.0	0.0	41	354.0	0.18926553672316385
YSG_1184	477.0	3.0	0.0	0.0	29	480.0	0.00625
YSG_1186	657.0	6.0	0.0	0.0	44	663.0	0.00904977375565611
YSG_1187	533.0	1.0	0.0	0.0	33	534.0	0.0018726591760299626
YSG_1188	409.0	2.0	0.0	0.0	33	411.0	0.004866180048661801
YSG_1189b	971.0	10.0	0.0	0.0	32	981.0	0.010193679918450561
YSG_1190	167.0	4.0	0.0	0.0	38	171.0	0.023391812865497075
YSG_1192	735.0	42.0	0.0	0.0	41	777.0	0.05405405405405406
YSG_1193	1103.0	96.0	1.0	0.0	34	1200.0	0.08083333333333333
YSG_1194	517.0	112.0	1.0	0.0	29	630.0	0.17936507936507937
YSG_1195	941.0	4.0	0.0	0.0	29	945.0	0.004232804232804233
YSG_1196	329.0	1.0	0.0	0.0	38	330.0	0.0030303030303030303
YSG_1197	547.0	2.0	0.0	0.0	26	549.0	0.0036429872495446266
YSG_1198	349.0	2.0	0.0	0.0	38	351.0	0.005698005698005698
YSG_1199	1003.0	17.0	0.0	0.0	33	1020.0	0.016666666666666666
YSG_1200	1215.0	0.0	0.0	0.0	29	1215.0	0.0
YSG_1201	522.0	3.0	0.0	0.0	38	525.0	0.005714285714285714
YSG_1202	146.0	1.0	0.0	0.0	39	147.0	0.006802721088435374
YSG_1203	668.0	58.0	0.0	0.0	33	726.0	0.07988980716253444
YSG_1204	1395.0	24.0	0.0	0.0	43	1419.0	0.016913319238900635
YSG_1205	2575.0	196.0	1.0	0.0	5	2772.0	0.07106782106782107
YSG_1206	683.0	81.0	1.0	0.0	27	765.0	0.10718954248366012
YSG_1209	430.0	95.0	0.0	0.0	28	525.0	0.18095238095238095
YSG_1212	562.0	20.0	0.0	0.0	36	582.0	0.03436426116838488
YSG_1213	1362.0	3.0	0.0	0.0	36	1365.0	0.002197802197802198
YSG_1214	592.0	5.0	0.0	0.0	38	597.0	0.008375209380234505
YSG_1215	1027.0	14.0	0.0	0.0	23	1041.0	0.013448607108549471
YSG_1217	740.0	43.0	0.0	0.0	34	783.0	0.05491698595146871
YSG_1219b	817.0	47.0	0.0	0.0	54	864.0	0.05439814814814815
YSG_1220b	228.0	15.0	0.0	0.0	35	243.0	0.06172839506172839
YSG_1221	1080.0	134.0	1.0	0.0	28	1215.0	0.1111111111111111
YSG_1222	2221.0	185.0	0.0	0.0	33	2406.0	0.07689110556940981
YSG_1223	492.0	134.0	4.0	0.0	46	630.0	0.21904761904761905
YSG_1224	644.0	324.0	52.0	3.0	37	1023.0	0.3704789833822092
YSG_1225	1008.0	107.0	4.0	0.0	31	1119.0	0.09919571045576407
YSG_1226	1565.0	10.0	0.0	0.0	38	1575.0	0.006349206349206349
YSG_1227	520.0	5.0	0.0	0.0	41	525.0	0.009523809523809525
YSG_1228	880.0	29.0	0.0	0.0	23	909.0	0.0319031903190319
YSG_1229	469.0	20.0	0.0	0.0	32	489.0	0.0408997955010225
YSG_1232	889.0	118.0	1.0	0.0	44	1008.0	0.11805555555555555
YSG_1233	210.0	0.0	0.0	0.0	31	210.0	0.0
YSG_1234	995.0	7.0	0.0	0.0	34	1002.0	0.006986027944111776
YSG_1235	1030.0	2.0	0.0	0.0	29	1032.0	0.001937984496124031
YSG_1236	1850.0	7.0	0.0	0.0	29	1857.0	0.003769520732364028
YSG_1237	275.0	22.0	0.0	0.0	30	297.0	0.07407407407407407
YSG_1238	988.0	8.0	0.0	0.0	20	996.0	0.008032128514056224
YSG_1239	606.0	33.0	0.0	0.0	34	639.0	0.051643192488262914
YSG_1240	591.0	3.0	0.0	0.0	33	594.0	0.005050505050505051
YSG_1241	203.0	1.0	0.0	0.0	41	204.0	0.004901960784313725
YSG_1242b	966.0	24.0	0.0	0.0	33	990.0	0.024242424242424242
YSG_1243b	218.0	25.0	0.0	0.0	45	243.0	0.102880658436214
YSG_1244	517.0	83.0	0.0	0.0	33	600.0	0.13833333333333334
YSG_1246	1210.0	11.0	0.0	0.0	46	1221.0	0.009009009009009009
YSG_1247	262.0	26.0	0.0	0.0	22	288.0	0.09027777777777778
YSG_1248	820.0	28.0	1.0	0.0	25	849.0	0.03415783274440518
YSG_1249	1158.0	9.0	0.0	0.0	24	1167.0	0.007712082262210797
YSG_1250	307.0	56.0	0.0	0.0	11	363.0	0.15426997245179064
YSG_1251	596.0	165.0	21.0	1.0	31	783.0	0.2388250319284802
YSG_1252	1307.0	72.0	1.0	0.0	27	1380.0	0.05289855072463768
YSG_1254	96.0	6.0	0.0	0.0	35	102.0	0.058823529411764705
YSG_1255	881.0	214.0	3.0	0.0	24	1098.0	0.19763205828779598
YSG_1256	1117.0	101.0	3.0	0.0	32	1221.0	0.08517608517608517
YSG_1259	1110.0	99.0	3.0	0.0	37	1212.0	0.08415841584158416
YSG_1260	592.0	170.0	9.0	0.0	31	771.0	0.23216601815823606
YSG_1262	336.0	6.0	0.0	0.0	36	342.0	0.017543859649122806
YSG_1263	710.0	4.0	0.0	0.0	35	714.0	0.0056022408963585435
YSG_1264	1037.0	105.0	1.0	0.0	30	1143.0	0.09273840769903761
YSG_1265	1747.0	241.0	3.0	1.0	32	1992.0	0.12299196787148595
YSG_1267	579.0	69.0	0.0	0.0	32	648.0	0.10648148148148148
YSG_1268	501.0	78.0	0.0	0.0	31	579.0	0.13471502590673576
YSG_1269	746.0	4.0	0.0	0.0	32	750.0	0.005333333333333333
YSG_1272	1207.0	5.0	0.0	0.0	31	1212.0	0.004125412541254125
YSG_1273	1251.0	6.0	0.0	0.0	34	1257.0	0.00477326968973747
YSG_1274	1115.0	55.0	0.0	0.0	4	1170.0	0.04700854700854701
YSG_1276	395.0	1.0	0.0	0.0	42	396.0	0.0025252525252525255
YSG_1278	810.0	3.0	0.0	0.0	38	813.0	0.0036900369003690036
YSG_1279	390.0	113.0	1.0	0.0	39	504.0	0.2261904761904762
YSG_1281	2438.0	90.0	1.0	0.0	32	2529.0	0.03598260181890075
YSG_1282	1269.0	12.0	0.0	0.0	37	1281.0	0.00936768149882904
YSG_1283	921.0	15.0	0.0	0.0	35	936.0	0.016025641025641024
YSG_1284	962.0	70.0	0.0	0.0	42	1032.0	0.06782945736434108
YSG_1285	695.0	7.0	0.0	0.0	35	702.0	0.009971509971509971
YSG_1286	422.0	4.0	0.0	0.0	38	426.0	0.009389671361502348
YSG_1287	837.0	6.0	0.0	0.0	37	843.0	0.0071174377224199285
YSG_1288	1914.0	30.0	0.0	0.0	21	1944.0	0.015432098765432098
YSG_1289	1205.0	70.0	0.0	0.0	33	1275.0	0.054901960784313725
YSG_1290	405.0	6.0	0.0	0.0	38	411.0	0.014598540145985401
YSG_1291	217.0	2.0	0.0	0.0	32	219.0	0.0091324200913242
YSG_1292	254.0	1.0	0.0	0.0	39	255.0	0.00392156862745098
YSG_1293	1083.0	12.0	0.0	0.0	33	1095.0	0.010958904109589041
YSG_1294	2511.0	185.0	1.0	0.0	18	2697.0	0.06896551724137931
YSG_1295	2056.0	107.0	0.0	0.0	14	2163.0	0.04946833102172908
YSG_1296	1353.0	9.0	0.0	0.0	26	1362.0	0.006607929515418502
YSG_1297	427.0	23.0	0.0	0.0	23	450.0	0.051111111111111114
YSG_1298	343.0	5.0	0.0	0.0	36	348.0	0.014367816091954023
YSG_1299	893.0	7.0	0.0	0.0	35	900.0	0.0077777777777777776
YSG_1300	2099.0	160.0	3.0	0.0	29	2262.0	0.07206012378426171
YSG_1301	917.0	4.0	0.0	0.0	33	921.0	0.004343105320304018
YSG_1302	1312.0	105.0	2.0	0.0	39	1419.0	0.07540521494009866
YSG_1303	882.0	21.0	0.0	0.0	34	903.0	0.023255813953488372
YSG_1304	285.0	3.0	0.0	0.0	36	288.0	0.010416666666666666
YSG_1305	238.0	34.0	1.0	0.0	37	273.0	0.1282051282051282
YSG_1306	312.0	3.0	0.0	0.0	30	315.0	0.009523809523809525
YSG_1307	1231.0	11.0	0.0	0.0	38	1242.0	0.008856682769726247
YSG_1308	523.0	83.0	6.0	0.0	37	612.0	0.1454248366013072
YSG_1309	281.0	7.0	0.0	0.0	33	288.0	0.024305555555555556
YSG_1310	1428.0	60.0	0.0	0.0	31	1488.0	0.04032258064516129
YSG_1311	1455.0	9.0	0.0	0.0	31	1464.0	0.006147540983606557
YSG_1312	688.0	5.0	0.0	0.0	28	693.0	0.007215007215007215
YSG_1315	451.0	229.0	41.0	2.0	36	723.0	0.37621023513139695
YSG_1316	363.0	143.0	20.0	2.0	38	528.0	0.3125
YSG_1317	411.0	3.0	0.0	0.0	40	414.0	0.007246376811594203
YSG_1318	2169.0	194.0	1.0	0.0	6	2364.0	0.08248730964467005
YSG_1319	1096.0	41.0	0.0	0.0	26	1137.0	0.03605980650835532
YSG_1320	599.0	42.0	1.0	0.0	34	642.0	0.06697819314641744
YSG_1321	552.0	3.0	0.0	0.0	33	555.0	0.005405405405405406
YSG_1322	1045.0	8.0	0.0	0.0	31	1053.0	0.007597340930674264
YSG_1323	848.0	10.0	0.0	0.0	37	858.0	0.011655011655011656
YSG_1324	3099.0	226.0	2.0	0.0	35	3327.0	0.06853020739404869
YSG_1325	338.0	1.0	0.0	0.0	34	339.0	0.0029498525073746312
YSG_1326	302.0	1.0	0.0	0.0	37	303.0	0.0033003300330033004
YSG_1327	517.0	5.0	0.0	0.0	38	522.0	0.009578544061302681
YSG_1329	427.0	5.0	0.0	0.0	34	432.0	0.011574074074074073
YSG_1332	1802.0	7.0	0.0	0.0	26	1809.0	0.003869541182974019
YSG_1333	829.0	186.0	8.0	0.0	41	1023.0	0.18963831867057673
YSG_1334	1252.0	97.0	1.0	0.0	32	1350.0	0.0725925925925926
YSG_1335	243.0	3.0	0.0	0.0	34	246.0	0.012195121951219513
YSG_1336	1350.0	24.0	0.0	0.0	33	1374.0	0.017467248908296942
YSG_1337	1380.0	21.0	0.0	0.0	35	1401.0	0.014989293361884369
YSG_1339	928.0	96.0	2.0	0.0	38	1026.0	0.09551656920077972
YSG_1341	927.0	24.0	0.0	0.0	29	951.0	0.025236593059936908
YSG_1342	2663.0	76.0	0.0	0.0	29	2739.0	0.02774735304855787
YSG_1344	1403.0	28.0	0.0	0.0	33	1431.0	0.019566736547868623
YSG_1345	789.0	3.0	0.0	0.0	34	792.0	0.003787878787878788
YSG_1346	539.0	26.0	2.0	0.0	27	567.0	0.04938271604938271
YSG_1347	1506.0	161.0	1.0	0.0	26	1668.0	0.09712230215827339
YSG_1348	1221.0	89.0	1.0	0.0	33	1311.0	0.06864988558352403
YSG_1352	697.0	11.0	0.0	0.0	40	708.0	0.015536723163841809
YSG_1353	1296.0	114.0	0.0	0.0	30	1410.0	0.08085106382978724
YSG_1354	1713.0	21.0	0.0	0.0	33	1734.0	0.012110726643598616
YSG_1355	1214.0	91.0	0.0	0.0	30	1305.0	0.06973180076628352
YSG_1356	1005.0	113.0	1.0	0.0	33	1119.0	0.10187667560321716
YSG_1357	928.0	2.0	0.0	0.0	42	930.0	0.002150537634408602
YSG_1359	208.0	75.0	8.0	0.0	44	291.0	0.2852233676975945
YSG_1361	2020.0	152.0	0.0	0.0	35	2172.0	0.06998158379373849
YSG_1362	406.0	101.0	3.0	0.0	25	510.0	0.20392156862745098
YSG_1363	495.0	66.0	0.0	0.0	37	561.0	0.11764705882352941
YSG_1364	993.0	3.0	0.0	0.0	21	996.0	0.0030120481927710845
YSG_1365	673.0	8.0	0.0	0.0	30	681.0	0.011747430249632892
YSG_1366	1142.0	168.0	1.0	0.0	33	1311.0	0.12890922959572845
YSG_1367	1527.0	6.0	0.0	0.0	31	1533.0	0.003913894324853229
YSG_1368	1119.0	15.0	0.0	0.0	33	1134.0	0.013227513227513227
YSG_1370	558.0	27.0	0.0	0.0	31	585.0	0.046153846153846156
YSG_1371	1796.0	4.0	0.0	0.0	27	1800.0	0.0022222222222222222
YSG_1372	360.0	36.0	0.0	0.0	26	396.0	0.09090909090909091
YSG_1374	366.0	3.0	0.0	0.0	29	369.0	0.008130081300813009
YSG_1376	783.0	15.0	0.0	0.0	34	798.0	0.018796992481203006
YSG_1378	494.0	82.0	3.0	0.0	33	579.0	0.14680483592400692
YSG_1379	350.0	1.0	0.0	0.0	36	351.0	0.002849002849002849
YSG_1380	216.0	0.0	0.0	0.0	34	216.0	0.0
YSG_1382	536.0	7.0	0.0	0.0	35	543.0	0.01289134438305709
YSG_1383	923.0	87.0	1.0	0.0	21	1011.0	0.08704253214638971
YSG_1384	891.0	9.0	0.0	0.0	27	900.0	0.01
YSG_1385	1521.0	21.0	0.0	0.0	27	1542.0	0.013618677042801557
YSG_1387	2152.0	112.0	1.0	0.0	24	2265.0	0.04988962472406181
YSG_1388b	837.0	3.0	0.0	0.0	30	840.0	0.0035714285714285713
YSG_1389	687.0	110.0	1.0	0.0	28	798.0	0.13909774436090225
YSG_1390	182.0	1.0	0.0	0.0	35	183.0	0.00546448087431694
YSG_1391	709.0	64.0	1.0	0.0	36	774.0	0.08397932816537468
YSG_1392	730.0	5.0	0.0	0.0	27	735.0	0.006802721088435374
YSG_1393	975.0	15.0	0.0	0.0	42	990.0	0.015151515151515152
YSG_1394	1569.0	53.0	1.0	0.0	26	1623.0	0.033271719038817
YSG_1395	1008.0	9.0	0.0	0.0	36	1017.0	0.008849557522123894
YSG_1397	247.0	37.0	1.0	0.0	36	285.0	0.13333333333333333
YSG_1398	501.0	54.0	0.0	0.0	28	555.0	0.0972972972972973
YSG_1399	1235.0	43.0	0.0	0.0	20	1278.0	0.033646322378716745
YSG_1400b	409.0	46.0	1.0	0.0	33	456.0	0.10307017543859649
YSG_1401	279.0	3.0	0.0	0.0	24	282.0	0.010638297872340425
YSG_1402	981.0	11.0	1.0	0.0	26	993.0	0.012084592145015106
YSG_1403	1102.0	8.0	0.0	0.0	31	1110.0	0.007207207207207207
YSG_1404	1003.0	10.0	1.0	0.0	33	1014.0	0.010848126232741617
YSG_1407	602.0	4.0	0.0	0.0	31	606.0	0.006600660066006601
YSG_1408	723.0	20.0	1.0	0.0	25	744.0	0.028225806451612902
YSG_1410	951.0	90.0	0.0	0.0	31	1041.0	0.08645533141210375
YSG_1411	721.0	5.0	0.0	0.0	38	726.0	0.006887052341597796
YSG_1412	289.0	14.0	0.0	0.0	33	303.0	0.0462046204620462
YSG_1414	1023.0	9.0	0.0	0.0	37	1032.0	0.00872093023255814
YSG_1415	326.0	10.0	0.0	0.0	21	336.0	0.02976190476190476
YSG_1416	1172.0	40.0	0.0	0.0	37	1212.0	0.033003300330033
YSG_1417b	622.0	47.0	0.0	0.0	36	669.0	0.07025411061285501
YSG_1420	849.0	250.0	17.0	0.0	34	1116.0	0.239247311827957
YSG_1422	1308.0	39.0	0.0	0.0	30	1347.0	0.028953229398663696
YSG_1423	1758.0	117.0	0.0	0.0	35	1875.0	0.0624
YSG_1424	3248.0	19.0	0.0	0.0	35	3267.0	0.0058157330884603614
YSG_1426	1859.0	22.0	0.0	0.0	35	1881.0	0.011695906432748537
YSG_1427	231.0	6.0	0.0	0.0	31	237.0	0.02531645569620253
YSG_1428	645.0	97.0	1.0	1.0	27	744.0	0.13306451612903225
YSG_1430b	552.0	6.0	0.0	0.0	36	558.0	0.010752688172043012
YSG_1433	659.0	4.0	0.0	0.0	34	663.0	0.006033182503770739
YSG_1435	1217.0	7.0	0.0	0.0	38	1224.0	0.005718954248366013
YSG_1436	908.0	64.0	0.0	0.0	33	972.0	0.06584362139917696
YSG_1437	1018.0	101.0	0.0	0.0	28	1119.0	0.0902591599642538
YSG_1438	1701.0	204.0	3.0	0.0	32	1908.0	0.10849056603773585
YSG_1439	305.0	1.0	0.0	0.0	30	306.0	0.0032679738562091504
YSG_1440	1317.0	6.0	0.0	0.0	28	1323.0	0.0045351473922902496
YSG_1441	1367.0	155.0	8.0	0.0	16	1530.0	0.1065359477124183
YSG_1443	1382.0	15.0	1.0	0.0	35	1398.0	0.011444921316165951
YSG_1445	1547.0	33.0	1.0	0.0	34	1581.0	0.021505376344086023
YSG_1446	1660.0	240.0	2.0	0.0	25	1902.0	0.12723449001051526
YSG_1449	404.0	13.0	0.0	0.0	21	417.0	0.03117505995203837
YSG_1450	868.0	5.0	0.0	0.0	35	873.0	0.0057273768613974796
YSG_1452b	926.0	205.0	9.0	0.0	30	1140.0	0.18771929824561404
YSG_1453	392.0	4.0	0.0	0.0	25	396.0	0.010101010101010102
YSG_1454	1216.0	23.0	0.0	0.0	31	1239.0	0.018563357546408393
YSG_1455	251.0	4.0	0.0	0.0	36	255.0	0.01568627450980392
YSG_1457	243.0	0.0	0.0	0.0	38	243.0	0.0
YSG_1458	1174.0	98.0	3.0	0.0	28	1275.0	0.0792156862745098
YSG_1459	471.0	6.0	0.0	0.0	42	477.0	0.012578616352201259
YSG_1460	484.0	5.0	0.0	0.0	35	489.0	0.010224948875255624
YSG_1461	873.0	293.0	22.0	0.0	30	1188.0	0.26515151515151514
YSG_1462	1050.0	94.0	2.0	0.0	31	1146.0	0.08376963350785341
YSG_1463	501.0	169.0	8.0	0.0	17	678.0	0.2610619469026549
YSG_1464	196.0	21.0	2.0	0.0	30	219.0	0.1050228310502283
YSG_1466	646.0	35.0	0.0	0.0	35	681.0	0.0513950073421439
YSG_1467	497.0	1.0	0.0	0.0	28	498.0	0.002008032128514056
YSG_1468	677.0	71.0	2.0	0.0	30	750.0	0.09733333333333333
YSG_1469	1093.0	113.0	0.0	0.0	30	1206.0	0.09369817578772803
YSG_1471	940.0	8.0	0.0	0.0	28	948.0	0.008438818565400843
YSG_1473	839.0	4.0	0.0	0.0	35	843.0	0.004744958481613286
YSG_1474	961.0	14.0	0.0	0.0	27	975.0	0.014358974358974359
YSG_1475	182.0	1.0	0.0	0.0	36	183.0	0.00546448087431694
YSG_1476	85.0	2.0	0.0	0.0	48	87.0	0.022988505747126436
YSG_1477	661.0	20.0	0.0	0.0	30	681.0	0.02936857562408223
YSG_1480	339.0	3.0	0.0	0.0	38	342.0	0.008771929824561403
YSG_1481	1006.0	2.0	0.0	0.0	29	1008.0	0.001984126984126984
YSG_1482	513.0	6.0	0.0	0.0	32	519.0	0.011560693641618497
YSG_1483	726.0	6.0	0.0	0.0	30	732.0	0.00819672131147541
YSG_1487	1694.0	75.0	1.0	0.0	26	1770.0	0.04293785310734463
YSG_1489	227.0	46.0	0.0	0.0	37	273.0	0.1684981684981685
YSG_1490	377.0	16.0	0.0	0.0	30	393.0	0.04071246819338423
YSG_1491	878.0	7.0	0.0	0.0	32	885.0	0.007909604519774011
YSG_1492	918.0	141.0	3.0	0.0	37	1062.0	0.13559322033898305
YSG_1493	780.0	6.0	0.0	0.0	34	786.0	0.007633587786259542
YSG_1494	706.0	62.0	0.0	0.0	33	768.0	0.08072916666666667
YSG_1495	1899.0	33.0	0.0	0.0	30	1932.0	0.017080745341614908
YSG_1497	1907.0	79.0	0.0	0.0	35	1986.0	0.039778449144008056
YSG_1499	451.0	5.0	0.0	0.0	31	456.0	0.010964912280701754
YSG_1500	846.0	165.0	17.0	1.0	27	1029.0	0.17784256559766765
YSG_1501	237.0	0.0	0.0	0.0	31	237.0	0.0
YSG_1503	1651.0	261.0	11.0	0.0	26	1923.0	0.14144565782631305
YSG_1507	275.0	34.0	0.0	0.0	31	309.0	0.11003236245954692
YSG_1508	1197.0	3.0	0.0	0.0	34	1200.0	0.0025
YSG_1515	623.0	7.0	0.0	0.0	31	630.0	0.011111111111111112
YSG_1516	723.0	57.0	0.0	0.0	22	780.0	0.07307692307692308
YSG_1518	678.0	89.0	1.0	0.0	31	768.0	0.1171875
YSG_1520	999.0	54.0	0.0	0.0	30	1053.0	0.05128205128205128
YSG_1521	571.0	71.0	0.0	0.0	23	642.0	0.11059190031152648
YSG_1522	1206.0	15.0	0.0	0.0	28	1221.0	0.012285012285012284
YSG_1523	1124.0	87.0	1.0	0.0	38	1212.0	0.07260726072607261
YSG_1524	660.0	3.0	0.0	0.0	34	663.0	0.004524886877828055
YSG_1525	1359.0	5.0	1.0	0.0	36	1365.0	0.004395604395604396
YSG_1527	704.0	28.0	0.0	0.0	39	732.0	0.03825136612021858
YSG_1528	413.0	22.0	0.0	0.0	32	435.0	0.05057471264367816
YSG_1531	459.0	24.0	0.0	0.0	34	483.0	0.049689440993788817
YSG_1532	1979.0	19.0	0.0	0.0	25	1998.0	0.00950950950950951
YSG_1533	1108.0	101.0	0.0	0.0	36	1209.0	0.08354011579818031
YSG_1535	1115.0	7.0	0.0	0.0	34	1122.0	0.006238859180035651
YSG_1537	2384.0	209.0	2.0	0.0	29	2595.0	0.08131021194605009
YSG_1538	279.0	56.0	1.0	0.0	36	336.0	0.16964285714285715
YSG_1540	958.0	172.0	7.0	0.0	27	1137.0	0.15743183817062445
YSG_1544	458.0	94.0	0.0	0.0	32	552.0	0.17028985507246377
YSG_1545	469.0	53.0	3.0	0.0	36	525.0	0.10666666666666667
YSG_1546	1361.0	31.0	0.0	0.0	31	1392.0	0.022270114942528736
YSG_1550b	861.0	62.0	4.0	0.0	37	927.0	0.07119741100323625
YSG_1552	1640.0	72.0	1.0	0.0	29	1713.0	0.04261529480443666
YSG_1554	387.0	3.0	0.0	0.0	35	390.0	0.007692307692307693
YSG_1555b	737.0	7.0	0.0	0.0	41	744.0	0.009408602150537635
YSG_1557	929.0	154.0	9.0	0.0	29	1092.0	0.14926739926739926
YSG_1558	694.0	5.0	0.0	0.0	35	699.0	0.00715307582260372
YSG_1559	267.0	51.0	0.0	0.0	36	318.0	0.16037735849056603
YSG_1561	1623.0	6.0	0.0	0.0	23	1629.0	0.003683241252302026
YSG_1562	198.0	0.0	0.0	0.0	32	198.0	0.0
YSG_1563	412.0	2.0	0.0	0.0	34	414.0	0.004830917874396135
YSG_1564	820.0	8.0	0.0	0.0	32	828.0	0.00966183574879227
YSG_1566	743.0	1.0	0.0	0.0	31	744.0	0.0013440860215053765
YSG_1567	464.0	72.0	1.0	0.0	36	537.0	0.13594040968342644
YSG_1569	463.0	5.0	0.0	0.0	36	468.0	0.010683760683760684
YSG_1570	400.0	48.0	5.0	0.0	39	453.0	0.11699779249448124
YSG_1571	2407.0	217.0	4.0	0.0	28	2628.0	0.08409436834094368
YSG_1572	978.0	174.0	9.0	0.0	29	1161.0	0.15762273901808785
YSG_1574	897.0	6.0	0.0	0.0	38	903.0	0.006644518272425249
YSG_1575	605.0	1.0	0.0	0.0	37	606.0	0.0016501650165016502
YSG_1577	539.0	1.0	0.0	0.0	33	540.0	0.001851851851851852
YSG_1579	276.0	3.0	0.0	0.0	22	279.0	0.010752688172043012
YSG_1583	1398.0	48.0	0.0	0.0	26	1446.0	0.03319502074688797
YSG_1585	230.0	60.0	1.0	0.0	28	291.0	0.20962199312714777
YSG_1586	1385.0	13.0	0.0	0.0	30	1398.0	0.009298998569384835
YSG_1589	176.0	1.0	0.0	0.0	28	177.0	0.005649717514124294
YSG_1590	1315.0	140.0	0.0	0.0	24	1455.0	0.09621993127147767
YSG_1591b	379.0	2.0	0.0	0.0	32	381.0	0.005249343832020997
YSG_1594	1355.0	46.0	0.0	0.0	28	1401.0	0.03283369022127052
YSG_1595b	623.0	10.0	0.0	0.0	33	633.0	0.01579778830963665
YSG_1596	1022.0	7.0	0.0	0.0	22	1029.0	0.006802721088435374
YSG_1598	815.0	4.0	0.0	0.0	36	819.0	0.004884004884004884
YSG_1599	595.0	5.0	0.0	0.0	33	600.0	0.008333333333333333
YSG_1600	951.0	72.0	0.0	0.0	29	1023.0	0.07038123167155426
YSG_1601c	773.0	1.0	0.0	0.0	25	774.0	0.0012919896640826874
YSG_1605	1207.0	5.0	0.0	0.0	36	1212.0	0.004125412541254125
YSG_1606	904.0	5.0	0.0	0.0	24	909.0	0.005500550055005501
YSG_1607	562.0	44.0	0.0	0.0	23	606.0	0.07260726072607261
YSG_1608	1493.0	94.0	0.0	0.0	26	1587.0	0.05923125393824827
YSG_1610	774.0	6.0	0.0	0.0	26	780.0	0.007692307692307693
YSG_1611b	787.0	11.0	0.0	0.0	34	798.0	0.013784461152882205
YSG_1612	1313.0	7.0	0.0	0.0	32	1320.0	0.005303030303030303
YSG_1616	825.0	65.0	1.0	0.0	34	891.0	0.07407407407407407
YSG_1617	789.0	85.0	2.0	0.0	30	876.0	0.09931506849315068
YSG_1618	389.0	4.0	0.0	0.0	26	393.0	0.010178117048346057
YSG_1620	1495.0	8.0	0.0	0.0	28	1503.0	0.0053226879574184965
YSG_1621	310.0	2.0	0.0	0.0	28	312.0	0.00641025641025641
YSG_1624	506.0	1.0	0.0	0.0	42	507.0	0.0019723865877712033
YSG_1625	921.0	15.0	0.0	0.0	38	936.0	0.016025641025641024
YSG_1627	308.0	4.0	0.0	0.0	34	312.0	0.01282051282051282
YSG_1628	437.0	1.0	0.0	0.0	26	438.0	0.00228310502283105
YSG_1629	717.0	54.0	0.0	0.0	24	771.0	0.07003891050583658
YSG_1630	1518.0	6.0	0.0	0.0	28	1524.0	0.003937007874015748
YSG_1632	1371.0	32.0	1.0	0.0	33	1404.0	0.023504273504273504
YSG_1635	1349.0	272.0	8.0	0.0	36	1629.0	0.17188459177409454
YSG_1636	1032.0	18.0	0.0	0.0	34	1050.0	0.017142857142857144
YSG_1639	1200.0	45.0	0.0	0.0	37	1245.0	0.03614457831325301
YSG_1641	1257.0	107.0	1.0	0.0	32	1365.0	0.07912087912087912
YSG_1642	1719.0	36.0	0.0	0.0	24	1755.0	0.020512820512820513
YSG_1644	89.0	1.0	0.0	0.0	31	90.0	0.011111111111111112
YSG_1646	313.0	2.0	0.0	0.0	25	315.0	0.006349206349206349
YSG_1647	193.0	5.0	0.0	0.0	36	198.0	0.025252525252525252
YSG_1649	290.0	67.0	0.0	0.0	27	357.0	0.1876750700280112
YSG_1650	935.0	7.0	0.0	0.0	33	942.0	0.0074309978768577496
YSG_1653	467.0	103.0	0.0	0.0	26	570.0	0.18070175438596492
YSG_1654	132.0	0.0	0.0	0.0	24	132.0	0.0
YSG_1655	603.0	12.0	0.0	0.0	30	615.0	0.01951219512195122
YSG_1656	1844.0	22.0	0.0	0.0	29	1866.0	0.011789924973204717
YSG_1660	925.0	11.0	0.0	0.0	29	936.0	0.011752136752136752
YSG_1661	887.0	1.0	0.0	0.0	27	888.0	0.0011261261261261261
YSG_1662	842.0	245.0	31.0	1.0	22	1119.0	0.24754244861483468
YSG_1663	438.0	86.0	1.0	0.0	34	525.0	0.1657142857142857
YSG_1664	359.0	1.0	0.0	0.0	39	360.0	0.002777777777777778
YSG_1665	783.0	9.0	0.0	0.0	33	792.0	0.011363636363636364
YSG_1668	557.0	1.0	0.0	0.0	21	558.0	0.0017921146953405018
YSG_1669	1596.0	18.0	0.0	0.0	29	1614.0	0.011152416356877323
YSG_1670	1051.0	5.0	0.0	0.0	38	1056.0	0.004734848484848485
YSG_1674	971.0	58.0	0.0	0.0	22	1029.0	0.056365403304178816
YSG_1678	1483.0	113.0	33.0	0.0	25	1629.0	0.08962553713934929
YSG_1680	1111.0	5.0	0.0	0.0	28	1116.0	0.004480286738351254
YSG_1681	1281.0	21.0	0.0	0.0	31	1302.0	0.016129032258064516
YSG_1682	477.0	104.0	1.0	0.0	32	582.0	0.18041237113402062
YSG_1687	431.0	1.0	0.0	0.0	34	432.0	0.0023148148148148147
YSG_1691	143.0	1.0	0.0	0.0	29	144.0	0.006944444444444444
YSG_1704	477.0	66.0	0.0	0.0	31	543.0	0.12154696132596685
YSG_1705b	967.0	104.0	0.0	0.0	25	1071.0	0.09710550887021475
YSG_1706	295.0	47.0	0.0	0.0	30	342.0	0.13742690058479531
YSG_1707	199.0	2.0	0.0	0.0	32	201.0	0.009950248756218905
YSG_1710	1569.0	9.0	0.0	0.0	29	1578.0	0.005703422053231939
YSG_1712	2119.0	11.0	0.0	0.0	26	2130.0	0.005164319248826291
YSG_1713	435.0	0.0	0.0	0.0	22	435.0	0.0
YSG_1714	247.0	34.0	1.0	0.0	31	282.0	0.12411347517730496
YSG_1716	879.0	90.0	3.0	0.0	37	972.0	0.09567901234567901
YSG_1724	480.0	53.0	1.0	0.0	31	534.0	0.10112359550561797
YSG_1727	1314.0	87.0	0.0	0.0	24	1401.0	0.06209850107066381
YSG_1729	200.0	1.0	0.0	0.0	34	201.0	0.004975124378109453
YSG_1732	1751.0	63.0	1.0	0.0	28	1815.0	0.03526170798898071
YSG_1733	1208.0	10.0	0.0	0.0	35	1218.0	0.008210180623973728
YSG_1735	1157.0	54.0	1.0	0.0	22	1212.0	0.04537953795379538
YSG_1744	416.0	43.0	0.0	0.0	31	459.0	0.09368191721132897
YSG_1749	951.0	239.0	24.0	1.0	22	1215.0	0.21728395061728395
YSG_1751	1024.0	218.0	12.0	0.0	28	1254.0	0.18341307814992025
YSG_1753	451.0	2.0	0.0	0.0	38	453.0	0.004415011037527594
YSG_1758	1751.0	180.0	1.0	0.0	28	1932.0	0.09368530020703934
YSG_1761	743.0	7.0	0.0	0.0	36	750.0	0.009333333333333334
YSG_1763	761.0	1.0	0.0	0.0	21	762.0	0.0013123359580052493
YSG_1767	1173.0	42.0	0.0	0.0	29	1215.0	0.0345679012345679
YSG_1769	605.0	58.0	0.0	0.0	29	663.0	0.08748114630467571
YSG_1773	2214.0	121.0	2.0	0.0	26	2337.0	0.05263157894736842
YSG_1774	877.0	17.0	0.0	0.0	27	894.0	0.01901565995525727
YSG_1780	466.0	88.0	1.0	0.0	24	555.0	0.16036036036036036
YSG_1789	481.0	2.0	0.0	0.0	32	483.0	0.004140786749482402
YSG_1791	112.0	2.0	0.0	0.0	31	114.0	0.017543859649122806
YSG_1794	640.0	8.0	0.0	0.0	25	648.0	0.012345679012345678
YSG_1799	871.0	56.0	0.0	0.0	27	927.0	0.06040992448759439
YSG_1805	491.0	1.0	0.0	0.0	24	492.0	0.0020325203252032522
YSG_1810	2112.0	12.0	0.0	0.0	24	2124.0	0.005649717514124294
YSG_1815	943.0	55.0	1.0	0.0	28	999.0	0.056056056056056056
YSG_1823	690.0	9.0	0.0	0.0	22	699.0	0.012875536480686695
YSG_1824	475.0	5.0	0.0	0.0	24	480.0	0.010416666666666666
YSG_1825b	1643.0	112.0	0.0	0.0	24	1755.0	0.06381766381766382
YSG_1829	267.0	0.0	0.0	0.0	31	267.0	0.0
YSG_1835	449.0	55.0	0.0	0.0	29	504.0	0.10912698412698413
YSG_1837	820.0	117.0	2.0	0.0	29	939.0	0.12673056443024494
YSG_1838	333.0	3.0	0.0	0.0	22	336.0	0.008928571428571428
YSG_1843	371.0	1.0	0.0	0.0	31	372.0	0.002688172043010753
YSG_1850	368.0	1.0	0.0	0.0	29	369.0	0.0027100271002710027
YSG_1854	846.0	24.0	0.0	0.0	24	870.0	0.027586206896551724
YSG_1857	1710.0	12.0	0.0	0.0	23	1722.0	0.006968641114982578
YSG_1859	635.0	95.0	8.0	0.0	27	738.0	0.13956639566395665
YSG_1893	258.0	3.0	0.0	0.0	31	261.0	0.011494252873563218
YSG_1899	220.0	2.0	0.0	0.0	30	222.0	0.009009009009009009
YSG_1906	669.0	74.0	4.0	0.0	27	747.0	0.10441767068273092
YSG_1913	204.0	0.0	0.0	0.0	23	204.0	0.0
YSG_1951	219.0	3.0	0.0	0.0	26	222.0	0.013513513513513514
YSG_1957	402.0	33.0	0.0	0.0	9	435.0	0.07586206896551724
